date,revenue,fb_paid_total_impressions,fb_paid_spend,google_paid_total_impressions,google_paid_spend,pinterest_paid_total_impressions,pinterest_paid_spend,mountain_paid_total_impressions,mountain_paid_spend,fb_organic_total_impressions,instagram_organic_total_impressions,google_organic_total_impressions
2024-01-29,3044.83,28298,464.39,57581,643.19,5285,41.95,,,49909.0,27955,
2024-01-28,15171.73,83995,1189.37,187231,1945.05,6919,50.00,,,40553.0,132564,18124.0
2024-01-27,11210.17,67093,1027.98,180470,1816.92,5828,50.00,,,40651.0,108717,18628.0
2024-01-26,19468.97,67156,1016.43,113701,1517.08,6077,50.00,,,48612.0,110737,15396.0
2024-01-25,16925.33,63094,1013.88,136497,1743.33,5512,50.00,,,43726.0,108785,16928.0
2024-01-24,14658.92,69114,1022.96,169773,1956.07,5959,50.00,,,42728.0,99133,17311.0
2024-01-23,10217.91,69070,1043.60,160279,1686.16,6697,50.00,,,51154.0,106506,17344.0
2024-01-22,27755.29,78121,1060.69,129116,1928.19,7655,50.00,,,47685.0,118777,17851.0
2024-01-21,13632.42,82849,1094.44,134637,1516.78,7732,50.00,,,47131.0,124484,19252.0
2024-01-20,10255.73,69478,1029.20,127888,1448.30,6458,50.00,,,51456.0,117936,18517.0
2024-01-19,13796.46,71278,1021.28,100367,1305.23,7108,50.00,,,46341.0,114451,16078.0
2024-01-18,19698.11,67835,1018.63,103747,1563.53,7468,50.00,,,40898.0,103594,15911.0
2024-01-17,16378.43,72459,1018.33,121361,1314.43,7835,50.00,,,36357.0,104289,17283.0
2024-01-16,11961.92,71788,1037.63,139126,1456.83,6986,50.00,,,41400.0,101260,18324.0
2024-01-15,21030.23,70554,1061.26,163545,1712.94,7030,50.00,,,43659.0,101148,19084.0
2024-01-14,15057.01,72284,1093.63,152758,1498.34,5573,50.00,,,46209.0,100970,19555.0
2024-01-13,13050.28,63218,1034.92,148265,1419.65,6536,50.00,,,42579.0,93705,21092.0
2024-01-12,9775.74,61582,1028.12,139677,1357.30,6818,50.00,,,42979.0,92347,17558.0
2024-01-11,22560.21,61701,1018.75,146453,1489.83,6573,50.00,,,47529.0,90350,17029.0
2024-01-10,20869.14,65612,1018.73,90181,1628.73,8151,50.00,,,61563.0,93518,15773.0
2024-01-09,18415.88,73655,1036.21,104888,1845.95,8012,50.00,,,61343.0,99282,16635.0
2024-01-08,19655.4,76167,1058.15,103907,1504.50,11491,50.00,,,49009.0,100829,17368.0
2024-01-07,20540.64,77498,1085.05,117523,1761.47,8183,50.00,,,50686.0,107560,19215.0
2024-01-06,13787.7,75200,1259.28,101261,1512.46,8413,50.00,,,45827.0,106195,19758.0
2024-01-05,19171.22,73797,1197.05,107210,1618.97,9356,50.00,,,43822.0,99229,17367.0
2024-01-04,14333.67,79674,1190.78,104901,1738.52,9783,50.00,,,43878.0,107629,18458.0
2024-01-03,25069.24,84969,1187.34,116547,1898.28,12368,50.00,,,45964.0,125403,18364.0
2024-01-02,12269.54,99289,1196.31,132594,2207.63,12860,50.00,,,55188.0,141636,19716.0
2024-01-01,18815.13,107080,1226.16,133301,1897.28,14621,50.00,0,0.00,116613.0,152733,17455.0
2023-12-31,11244.31,90509,1254.81,118261,1511.35,8068,50.00,,,109006.0,260461,15648.0
2023-12-30,15640.18,77811,1215.70,127932,1559.78,6970,50.00,,,106155.0,220154,18514.0
2023-12-29,30193.69,77001,1201.39,132191,1825.85,8069,50.00,,,95387.0,216473,19138.0
2023-12-28,9988.89,78267,1200.70,125242,1634.01,10189,50.00,,,81070.0,215467,17661.0
2023-12-27,15614.02,79005,1194.03,112591,1581.81,13457,50.00,,,92223.0,193152,17542.0
2023-12-26,17992.06,80334,1125.60,101498,1464.57,11723,50.00,,,106105.0,219887,17531.0
2023-12-25,6849.5,70880,1034.07,85337,1106.56,7584,50.00,,,77467.0,259444,14845.0
2023-12-24,10100.42,71553,1056.92,84610,1113.95,6951,50.00,,,63089.0,203075,13765.0
2023-12-23,7487.12,65637,1013.69,102240,1247.92,5592,50.00,,,59064.0,167522,16409.0
2023-12-22,6186.01,62462,1007.72,102312,1425.43,4602,50.00,0,0.00,59131.0,153974,17641.0
2023-12-21,11054.1,61053,1004.49,118164,1733.74,4853,50.00,,,55187.0,136075,18289.0
2023-12-20,10864.72,53680,999.24,129197,1928.21,4708,50.00,0,0.00,52444.0,120398,18848.0
2023-12-19,19412.65,54445,1003.47,117828,2059.02,5645,50.00,0,0.00,52447.0,122851,19526.0
2023-12-18,26887.98,50563,1028.42,176748,3273.06,6146,50.00,0,0.00,52378.0,135806,21552.0
2023-12-17,22153.99,48651,1064.63,235493,3823.47,4728,50.00,0,0.00,57361.0,158306,21779.0
2023-12-16,23454.28,52745,1232.11,202725,3171.87,3939,50.00,,,62145.0,142846,20219.0
2023-12-15,27343.32,65076,1629.97,177159,3182.15,3861,50.00,,,64182.0,154449,19545.0
2023-12-14,23765.06,56757,1481.29,194358,3077.99,4283,50.00,0,0.00,62773.0,132789,20668.0
2023-12-13,33798.62,52040,1472.00,200961,3801.30,4371,50.00,0,0.00,62727.0,124946,24383.0
2023-12-12,20891.94,54944,1501.58,213392,3313.54,4446,50.00,0,0.00,76282.0,129237,22252.0
2023-12-11,48083.16,62379,1771.01,246243,3243.39,5185,50.00,0,0.00,78579.0,153107,22896.0
2023-12-10,16910.27,69130,1684.31,207228,2858.62,6223,50.00,0,0.00,70248.0,154142,20443.0
2023-12-09,15567.68,63452,1690.04,143358,2269.76,6043,50.00,0,0.00,70433.0,139933,17712.0
2023-12-08,19139.55,85275,2204.16,126961,2160.39,7052,50.00,0,0.00,81319.0,137711,16610.0
2023-12-07,25039.22,90593,2327.13,130750,2073.50,6208,50.00,0,0.00,68576.0,128686,17177.0
2023-12-06,17639.57,89225,2286.28,114560,1614.62,5134,50.00,0,0.00,51374.0,119836,17146.0
2023-12-05,12318.87,42192,1246.73,123247,1884.19,5456,50.00,0,0.00,53033.0,81428,18081.0
2023-12-04,23784.22,44951,1187.79,114447,1696.15,8032,50.00,0,0.00,49923.0,81156,18830.0
2023-12-03,28247.59,42249,1007.60,131919,2109.98,7774,50.00,0,0.00,49574.0,83142,20636.0
2023-12-02,10704.92,29643,835.00,106461,1408.51,6868,50.00,0,0.00,45737.0,70048,17937.0
2023-12-01,13656.61,30709,830.01,118870,1966.10,6125,85.82,0,0.00,46320.0,66659,15420.0
2023-11-30,10217.79,31175,931.43,138784,2426.70,6118,100.00,6,0.07,64522.0,72408,13359.0
2023-11-29,55353.56,94210,2859.99,150998,2839.91,5662,100.00,23133,393.90,59535.0,119431,12870.0
2023-11-28,33088.64,85525,2932.63,215250,4131.03,14941,100.00,25898,443.14,83458.0,118127,14053.0
2023-11-27,58280.04,85552,3086.20,264750,7473.01,16729,100.00,30018,506.18,72529.0,121542,19137.0
2023-11-26,41596.03,69494,2199.44,290273,7177.87,14999,100.00,30798,526.06,78235.0,109832,17578.0
2023-11-25,45506.92,92578,2722.62,230290,5358.19,13823,100.00,26388,453.68,66417.0,132222,17495.0
2023-11-24,67809.64,69757,2636.27,208293,4863.12,11676,100.00,33248,572.28,66891.0,100482,18867.0
2023-11-23,30445.11,83762,2582.85,113733,2326.70,13639,100.00,31603,557.12,63091.0,120483,13741.0
2023-11-22,28529.79,87310,2582.36,93937,1964.74,14865,100.00,40158,694.40,64237.0,132162,15061.0
2023-11-21,21869.16,90334,2617.79,99216,1998.85,15255,100.00,161,3.19,66880.0,127401,16941.0
2023-11-20,36978.66,86850,2686.21,117945,2386.42,15694,100.00,,,69515.0,138681,17271.0
2023-11-19,19005.36,81456,2766.29,128478,1889.39,14000,100.00,,,78513.0,142423,18229.0
2023-11-18,11097.27,76147,2624.65,115025,1866.15,13553,100.00,,,65782.0,123940,17640.0
2023-11-17,25226.89,59825,2015.50,103590,1820.35,15195,100.00,,,50818.0,113754,15000.0
2023-11-16,13924.99,43503,1282.81,86998,1490.33,13593,100.00,,,50907.0,84193,14957.0
2023-11-15,13231.63,47039,1293.00,89629,1647.98,14124,100.00,,,53992.0,80397,15595.0
2023-11-14,19012.18,48453,1310.37,85012,1366.18,13499,100.00,,,56553.0,84223,15019.0
2023-11-13,11135.49,50060,1340.05,97630,1596.01,13035,100.00,,,55937.0,90273,15538.0
2023-11-12,7847.9,53316,1378.56,93125,1502.85,12186,100.00,,,57370.0,95182,16242.0
2023-11-11,6128.26,51585,1363.50,83226,1349.06,12054,100.00,,,55971.0,94113,15511.0
2023-11-10,3333.63,52537,1336.90,75416,1428.63,12033,100.00,,,64979.0,97033,15588.0
2023-11-09,7876.46,37289,908.25,71415,1227.30,12126,100.00,,,58144.0,96805,14896.0
2023-11-08,17790.13,33443,775.96,71925,1431.87,12130,100.00,,,60057.0,94799,15147.0
2023-11-07,8451.77,34243,780.09,84432,1632.23,14891,100.00,,,57519.0,101330,14331.0
2023-11-06,6290.38,36785,783.20,95370,1710.66,8917,100.03,,,65814.0,109694,15067.0
2023-11-05,16537.31,36234,794.67,101602,1582.17,0,0.00,,,61491.0,122859,15746.0
2023-11-04,5552.89,29415,730.44,88417,1313.34,0,0.00,,,64026.0,97523,14601.0
2023-11-03,13210.62,33399,736.13,68296,1341.05,0,0.00,,,57871.0,89783,13951.0
2023-11-02,15290.8,37292,740.23,71704,1667.84,0,0.00,,,37876.0,84505,14769.0
2023-11-01,13588.32,41126,741.66,78816,1513.37,0,0.00,,,32504.0,63709,14620.0
2023-10-31,7947.73,42820,754.36,61116,1162.32,0,0.00,,,34522.0,67753,13088.0
2023-10-30,13756.93,46472,775.29,82347,1544.28,0,0.00,,,35855.0,70161,14038.0
2023-10-29,17242.66,46119,792.75,87229,1374.14,0,0.00,,,44206.0,67142,14611.0
2023-10-28,4063.13,51784,747.16,69626,1146.32,0,0.00,,,55886.0,69764,13767.0
2023-10-27,14151.22,58264,728.82,62567,1096.94,0,0.00,,,46273.0,66879,14254.0
2023-10-26,11779.24,49134,751.18,53143,942.41,0,0.00,,,36286.0,58802,14744.0
2023-10-25,16266.69,45661,672.64,69524,1231.04,0,0.00,,,36463.0,75179,15505.0
2023-10-24,9223.56,45528,667.64,97119,1775.09,0,0.00,,,40168.0,67686,15089.0
2023-10-23,12650.36,58340,684.47,93883,1712.59,0,0.00,,,42183.0,94293,15065.0
2023-10-22,6301.4,64492,706.91,87829,1340.90,0,0.00,,,42780.0,93766,14718.0
2023-10-21,13308.45,63156,685.88,73966,1216.56,0,0.00,,,36802.0,92992,15459.0
2023-10-20,12700.59,52220,653.25,63618,1132.67,0,0.00,,,32290.0,78545,14250.0
2023-10-19,8536.36,46122,646.62,71524,1431.36,0,0.00,,,27600.0,68536,13928.0
2023-10-18,19078.59,48192,667.53,74534,1441.93,0,0.00,,,26178.0,79173,12755.0
2023-10-17,8992.03,37363,679.36,79054,1577.95,0,0.00,,,26327.0,59557,12832.0
2023-10-16,17064.49,37359,693.64,82088,1616.87,0,0.00,,,25176.0,58165,12956.0
2023-10-15,8885.89,35086,712.72,84810,1615.74,0,0.00,,,23718.0,65976,14013.0
2023-10-14,8757.68,32383,654.45,80222,1322.48,0,0.00,,,24221.0,64842,13341.0
2023-10-13,17773.29,34903,661.81,57613,1464.21,0,0.00,,,23855.0,54793,12775.0
2023-10-12,22590.74,33541,664.12,50195,1195.96,0,0.00,0,0.00,23927.0,56128,12218.0
2023-10-11,25843.58,30723,666.96,56237,1208.59,0,0.00,0,0.00,25551.0,57334,13288.0
2023-10-10,17206.13,31421,680.73,55661,1046.98,0,0.00,0,0.00,25094.0,56600,12579.0
2023-10-09,22371.47,28755,700.03,65481,1498.70,0,0.00,,,28883.0,58261,13068.0
2023-10-08,9458.63,36340,710.90,79637,1349.79,0,0.00,0,0.00,27987.0,67320,12985.0
2023-10-07,5850.62,33997,678.33,65759,1169.33,0,0.00,0,0.00,24758.0,61069,13277.0
2023-10-06,10389.2,32524,666.72,59300,1191.24,0,0.00,,,24003.0,55376,12890.0
2023-10-05,10639.37,33170,673.91,54535,1098.22,0,0.00,,,23613.0,55080,12960.0
2023-10-04,18806.42,31298,678.08,55628,1076.58,0,0.00,0,0.00,24765.0,55100,12409.0
2023-10-03,12886.55,34321,694.81,56495,1193.41,0,0.00,,,28931.0,63880,12505.0
2023-10-02,18687.24,50860,1000.23,65603,1231.25,0,0.00,,,31936.0,70020,13147.0
2023-10-01,3713.94,61630,1043.51,69261,1090.73,0,0.00,0,0.00,28757.0,59501,13431.0
2023-09-30,24587.61,51798,1035.73,60562,1034.46,0,0.00,0,0.00,30515.0,54389,12611.0
2023-09-29,13115.08,51924,1022.44,53069,937.92,0,0.00,0,0.00,31599.0,51452,12400.0
2023-09-28,9847.06,52764,1064.65,54959,1075.80,0,0.00,0,0.00,29237.0,50145,11283.0
2023-09-27,6041.29,50183,1060.40,65920,1161.01,0,0.00,0,0.00,32074.0,53124,12120.0
2023-09-26,14980.93,54379,1087.82,71019,1305.52,0,0.00,0,0.00,31245.0,55995,12671.0
2023-09-25,12590.92,50903,1110.79,98585,1698.53,0,0.00,0,0.00,33682.0,51780,13472.0
2023-09-24,7808.45,58662,1132.13,107752,1548.86,0,0.00,0,0.00,32248.0,59303,14437.0
2023-09-23,8815.47,53846,1054.61,110987,1585.54,0,0.00,0,0.00,30739.0,54652,14011.0
2023-09-22,14194.69,54096,1028.58,88191,1526.25,0,0.00,0,0.00,33033.0,55870,12823.0
2023-09-21,16493.72,56346,1066.06,99892,1696.46,0,0.00,0,0.00,26121.0,53817,13314.0
2023-09-20,21958.71,49789,1070.74,99768,1693.92,0,0.00,0,0.00,30918.0,54117,13115.0
2023-09-19,13849.81,54284,1088.63,114562,2204.40,0,0.00,0,0.00,30815.0,51633,13543.0
2023-09-18,32923.7,59903,1129.33,142835,2192.43,0,0.00,12775,197.86,30017.0,61736,15767.0
2023-09-17,10540.41,58607,1154.51,155913,2254.41,0,0.00,36570,669.71,29734.0,61133,15839.0
2023-09-16,9609.72,51090,1103.34,132732,1991.75,0,0.00,36781,667.47,28917.0,49637,15154.0
2023-09-15,19495.93,48443,1077.43,108976,2092.75,0,0.00,38564,676.77,26112.0,52284,13902.0
2023-09-14,16789.5,48863,1098.78,124667,2347.00,0,0.00,38983,697.48,24421.0,50823,14296.0
2023-09-13,10389.18,46459,1014.08,144474,2845.04,0,0.00,31917,508.79,25916.0,47925,14435.0
2023-09-12,11447.28,44497,1031.06,157395,2671.03,0,0.00,34399,637.94,44494.0,47718,15319.0
2023-09-11,49420.05,124338,2707.60,152846,2580.32,0,0.00,33399,624.81,48601.0,112508,16651.0
2023-09-10,20577.42,145674,3011.73,189900,2963.23,0,0.00,33986,629.88,51421.0,137058,18002.0
2023-09-09,30394.06,150125,2853.54,144467,2446.44,0,0.00,33672,621.72,52385.0,136941,18068.0
2023-09-08,30530.88,141077,2786.31,111850,2121.48,0,0.00,31811,605.11,57707.0,116952,16322.0
2023-09-07,29585.91,141020,2832.06,114417,2398.78,0,0.00,32619,610.68,58323.0,112150,15507.0
2023-09-06,29899.27,148759,2847.54,138278,2543.04,0,0.00,32491,612.33,60510.0,116936,17071.0
2023-09-05,45566.1,151322,2894.47,162216,3248.59,0,0.00,40208,735.55,62815.0,120034,18859.0
2023-09-04,93347.32,146391,2962.25,280678,6308.48,0,0.00,31878,494.63,58716.0,119425,27841.0
2023-09-03,49383.36,153470,3046.83,234847,4319.22,0,0.00,43115,752.60,56972.0,132931,27072.0
2023-09-02,34745.62,134337,2804.17,184919,3433.24,0,0.00,37409,588.09,59906.0,114109,22979.0
2023-09-01,32561.03,136755,2781.70,155134,2888.25,0,0.00,29267,483.31,63303.0,107860,19725.0
2023-08-31,38991.3,138633,2855.94,168484,3040.36,0,0.00,49086,866.10,63738.0,107386,18388.0
2023-08-30,61233.12,143714,2879.92,165497,3524.15,0,0.00,37896,585.66,62699.0,109184,18731.0
2023-08-29,33741.29,157996,2906.96,132419,2563.99,0,0.00,40674,856.71,75779.0,122061,19045.0
2023-08-28,33508.84,233827,3116.68,167584,3720.35,0,0.00,30810,581.20,83768.0,197738,19991.0
2023-08-27,42176.22,246130,3208.66,207122,3840.31,0,0.00,36176,760.46,79527.0,206692,24655.0
2023-08-26,36641.35,238377,2936.06,165387,2783.68,0,0.00,36740,738.76,78523.0,200053,24253.0
2023-08-25,35928.08,220885,2904.47,128268,2342.23,0,0.00,30563,564.18,79931.0,189639,20903.0
2023-08-24,38598.24,221356,2977.15,128718,2279.17,0,0.00,35190,711.85,75856.0,189488,19604.0
2023-08-23,49278.15,197855,3012.83,147135,3099.59,0,0.00,31369,641.20,70180.0,147295,19197.0
2023-08-22,39810.44,174776,3070.26,162506,3047.75,0,0.00,34044,710.69,64208.0,122254,19785.0
2023-08-21,72686.82,160053,3012.38,170300,3345.27,0,0.00,30457,595.99,60656.0,116579,21375.0
2023-08-20,48578.38,134414,2408.04,191769,3290.03,0,0.00,26962,479.91,56185.0,93079,26318.0
2023-08-19,40381.25,122840,2166.38,186960,2968.72,0,0.00,35719,795.22,52250.0,88407,26036.0
2023-08-18,43927.08,113648,2091.89,170524,2841.11,0,0.00,25730,442.81,58764.0,90635,24057.0
2023-08-17,28550.89,120394,2161.55,165300,2751.35,0,0.00,34516,782.48,57614.0,83149,23087.0
2023-08-16,27138.01,113133,2171.34,183160,3239.06,0,0.00,30281,575.17,59094.0,82654,24724.0
2023-08-15,26890.95,121009,2209.18,199521,3655.32,0,0.00,30503,596.35,64393.0,87740,23571.0
2023-08-14,50150.75,137987,2402.89,259305,4443.65,0,0.00,26988,484.59,65137.0,107927,24731.0
2023-08-13,41409.22,137733,2469.60,330231,5671.82,0,0.00,33502,661.99,60885.0,106933,30101.0
2023-08-12,32957.35,125910,2248.43,282246,4640.97,0,0.00,29855,571.91,60231.0,102981,29742.0
2023-08-11,30625.49,115342,2166.13,217658,3817.03,0,0.00,36453,663.46,60030.0,92871,25991.0
2023-08-10,36929.18,117386,2248.65,212752,4164.39,0,0.00,29706,563.94,59335.0,98388,23975.0
2023-08-09,42619.56,130125,2247.13,238146,4623.45,0,0.00,30254,570.04,66263.0,119545,25415.0
2023-08-08,41466.02,138223,2264.06,307326,5319.97,0,0.00,30695,614.15,60605.0,124561,25773.0
2023-08-07,68191.68,130681,2321.92,329425,6212.26,0,0.00,30924,645.56,58745.0,129552,29077.0
2023-08-06,47697.41,129592,2380.41,326586,5487.82,0,0.00,30365,654.20,60620.0,130216,36156.0
2023-08-05,33252.38,122160,2198.69,248741,4939.16,0,0.00,30448,649.30,64078.0,125474,32974.0
2023-08-04,81917.88,124873,2179.67,193491,3620.87,0,0.00,29440,575.92,65632.0,121861,28688.0
2023-08-03,69343.34,123495,2230.02,203368,3754.72,0,0.00,32344,665.73,65157.0,117228,29589.0
2023-08-02,66869.02,130382,2260.38,256607,4422.73,0,0.00,30484,633.48,55999.0,123899,31337.0
2023-08-01,47659.85,131131,2376.76,252483,4639.63,0,0.00,27206,568.11,61167.0,114517,30770.0
2023-07-31,70134.87,173639,2997.28,260845,4650.28,0,0.00,36468,696.65,61258.0,114314,33218.0
2023-07-30,52205.28,176606,3093.90,276041,5247.49,0,0.00,35678,666.39,60411.0,127992,41019.0
2023-07-29,40797.44,172112,3044.19,236784,4455.25,0,0.00,35110,659.45,58124.0,112937,41425.0
2023-07-28,46156.13,173863,3005.71,192015,3887.60,0,0.00,34603,655.21,53729.0,116572,38205.0
2023-07-27,32349.28,162457,2878.66,267277,4369.20,0,0.00,36128,708.73,50553.0,111081,36429.0
2023-07-26,38964.82,152919,2733.52,294332,4941.12,0,0.00,34233,658.01,51917.0,106676,35720.0
2023-07-25,52452.49,165620,2878.60,278878,5181.88,0,0.00,33832,658.75,58611.0,130060,34885.0
2023-07-24,47777.34,172973,3017.66,294866,5993.25,0,0.00,34820,686.15,60477.0,156124,37692.0
2023-07-23,59328.12,178572,3105.66,350527,5141.80,0,0.00,34431,675.72,59211.0,161524,47411.0
2023-07-22,47728.74,175493,3037.18,266849,4770.61,5,0.06,32603,632.98,54448.0,147966,43401.0
2023-07-21,39172.52,174594,2998.45,204040,3557.76,12277,113.86,34020,674.47,62263.0,134041,36580.0
2023-07-20,76262.46,230206,3892.43,208962,3783.44,35602,266.00,38713,721.11,65814.0,154575,32036.0
2023-07-19,55714.68,257620,3976.42,270023,4655.14,47009,266.00,24282,547.85,72988.0,159211,30416.0
2023-07-18,52511.62,290728,3954.51,241157,4521.79,54349,266.00,29590,632.70,66836.0,188625,33075.0
2023-07-17,84709.7,232456,3589.34,267459,5315.14,34151,266.00,25359,590.40,58758.0,203376,34357.0
2023-07-16,65536.8,153515,2543.64,298972,4863.11,25957,266.00,30015,685.74,59448.0,170410,37470.0
2023-07-15,39232.04,155324,2365.35,250429,4074.38,23797,237.32,28493,629.80,60067.0,162187,38254.0
2023-07-14,67591.76,152987,2333.35,188365,3446.88,30845,265.96,26372,550.89,63296.0,157185,32815.0
2023-07-13,35162.49,169302,2359.69,195456,3624.39,26272,233.11,30673,684.52,55754.0,168160,30705.0
2023-07-12,32352.24,145783,2361.58,196203,4125.45,28490,253.46,29694,630.90,57160.0,144582,32762.0
2023-07-11,24843.01,156385,2390.66,219695,4562.39,33491,266.00,30205,646.40,54677.0,150996,32680.0
2023-07-10,38745.7,174122,2463.11,287327,4946.77,35931,266.00,29470,630.25,53469.0,161766,33078.0
2023-07-09,38027.64,161777,2526.26,415747,7623.67,32207,266.00,29888,641.94,71585.0,153054,38579.0
2023-07-08,29054.3,183123,2504.35,376993,6316.56,33305,266.00,29822,639.40,57114.0,157171,37999.0
2023-07-07,35511.54,140700,2099.64,368133,7051.05,34200,266.00,29626,634.55,63955.0,133300,34387.0
2023-07-06,19686.73,152257,2318.05,360023,5573.87,35138,266.00,29848,644.94,67220.0,140171,34770.0
2023-07-05,92852.86,171327,2603.54,345890,6893.81,31593,266.00,30235,646.89,69229.0,160782,37322.0
2023-07-04,91443.87,169128,2650.36,502418,9277.24,35324,266.00,29002,611.85,68117.0,154566,44315.0
2023-07-03,49949.79,177006,2678.98,586881,9346.32,31912,266.00,29433,629.58,66238.0,163262,43107.0
2023-07-02,57509.22,177957,2782.25,619338,11199.26,31851,266.00,29787,632.37,65979.0,184834,48003.0
2023-07-01,61047.21,158709,2571.30,555273,11146.28,37727,266.00,25093,523.89,66125.0,164322,43554.0
2023-06-30,55607.32,149528,2534.87,478893,8801.52,26336,266.00,31720,619.01,68381.0,161836,33837.0
2023-06-29,45887.43,153968,2521.10,314938,6761.20,30079,266.00,32881,656.56,67460.0,146402,33665.0
2023-06-28,35314.37,155009,2554.93,297180,5437.28,37189,266.00,32890,665.64,69282.0,157467,30971.0
2023-06-27,74752.53,158778,2586.59,373710,7161.17,33008,266.00,31214,627.96,73971.0,153510,30880.0
2023-06-26,60012.42,162260,2528.71,287878,5932.59,28854,266.00,31553,658.26,83309.0,187968,32092.0
2023-06-25,57575.47,147217,2461.43,323078,6260.38,32963,266.00,31087,632.12,85292.0,139726,41293.0
2023-06-24,63678.32,168059,2859.69,225437,4318.20,30874,266.00,32347,668.45,72873.0,187748,33249.0
2023-06-23,39878.84,141803,2282.73,200112,3822.08,28631,266.00,30767,641.88,69601.0,137665,25644.0
2023-06-22,36079.97,128319,2392.14,255782,4953.91,28827,266.00,30070,631.75,74662.0,127093,24672.0
2023-06-21,47720.44,150356,2539.71,281075,5342.48,30697,266.00,31553,644.98,77931.0,160960,26895.0
2023-06-20,43933.8,170765,2551.11,271451,6221.91,30557,266.00,23372,649.29,81787.0,136986,28848.0
2023-06-19,56585.75,177289,2494.89,285189,4974.15,29270,266.00,0,0.00,83027.0,148413,35332.0
2023-06-18,45553.87,180376,2638.73,276354,4950.21,28344,266.00,0,0.00,82118.0,153746,38719.0
2023-06-17,31056.15,167735,2666.32,250109,4468.01,30128,266.00,0,0.00,73035.0,144543,36779.0
2023-06-16,28382.67,168060,2552.72,198451,3723.86,29946,266.00,0,0.00,71174.0,149438,30254.0
2023-06-15,47563.98,178123,2501.08,191787,3884.22,28049,266.00,0,0.00,70886.0,166916,28116.0
2023-06-14,73328.81,150859,2476.60,196959,4059.29,30979,266.00,0,0.00,73499.0,140096,29150.0
2023-06-13,28596.33,153862,2484.69,213926,4071.35,46462,234.31,0,0.00,82575.0,129830,28230.0
2023-06-12,59594.15,162949,2668.34,232146,4346.83,22751,166.00,0,0.00,72708.0,124670,30354.0
2023-06-11,38715.14,169257,2673.76,270469,5009.29,18401,166.00,0,0.00,81389.0,140906,38945.0
2023-06-10,38020.95,158056,2559.94,215966,4549.32,15653,166.00,0,0.00,76792.0,124721,36200.0
2023-06-09,29312.72,149759,2471.26,203386,3419.27,16660,166.00,0,0.00,77500.0,122574,29034.0
2023-06-08,32033.71,139819,2446.45,166295,3693.12,20033,166.00,0,0.00,81240.0,112731,27101.0
2023-06-07,38523.53,149320,2531.16,176698,4303.02,23697,166.00,0,0.00,86117.0,120589,27650.0
2023-06-06,29914.93,139081,2500.79,228570,4208.96,23804,166.00,0,0.00,86951.0,111163,27029.0
2023-06-05,48515.28,154513,2670.42,293400,5423.59,20884,166.00,0,0.00,90789.0,132319,28893.0
2023-06-04,52156.61,153238,2578.98,371040,6352.79,16489,166.00,0,0.00,86767.0,134665,36595.0
2023-06-03,34319.99,131950,2360.28,259407,5017.18,15557,166.00,0,0.00,77471.0,100501,37250.0
2023-06-02,28919.61,128321,2481.28,226087,4561.83,19049,171.46,0,0.00,72152.0,85116,30453.0
2023-06-01,31873.66,123401,2523.95,226003,4508.65,22051,169.82,0,0.00,60861.0,85441,27872.0
2023-05-31,62794.59,122716,2584.95,219933,3967.12,21335,183.53,0,0.00,57164.0,92104,26176.0
2023-05-30,50622.06,122934,2536.93,239858,5320.58,21142,146.00,0,0.00,49383.0,98882,26853.0
2023-05-29,97101.61,120535,2653.98,351423,7664.84,18287,146.00,0,0.00,55702.0,103714,41055.0
2023-05-28,67197.42,116487,2617.63,305668,6612.57,14185,146.00,0,0.00,51600.0,116099,37570.0
2023-05-27,46081.0,106286,2486.67,267133,5162.38,13292,146.00,0,0.00,59214.0,101510,32428.0
2023-05-26,77532.99,121090,2696.69,246009,5215.42,12215,146.00,0,0.00,58661.0,107919,25558.0
2023-05-25,49019.38,115020,2520.80,279153,5594.45,10455,146.00,0,0.00,67533.0,96897,21053.0
2023-05-24,60781.95,131862,2522.55,344191,6861.79,11530,146.00,0,0.00,64557.0,109490,19965.0
2023-05-23,67961.39,131252,2583.10,305439,6256.63,14842,146.00,0,0.00,66230.0,109411,20928.0
2023-05-22,103716.23,123475,2495.28,296397,6307.78,13369,146.00,0,0.00,72330.0,107087,22441.0
2023-05-21,61047.84,119869,2453.90,313018,5724.42,12710,146.00,0,0.00,77903.0,101661,26102.0
2023-05-20,53299.89,134281,2917.19,220874,3245.64,11391,146.00,0,0.00,62122.0,121619,22449.0
2023-05-19,44604.62,103424,2160.45,171820,2936.95,10629,146.00,0,0.00,61105.0,106057,19370.0
2023-05-18,56295.09,112149,2474.23,148291,2968.36,11385,146.00,0,0.00,61691.0,104556,19872.0
2023-05-17,37520.34,113669,2438.84,163364,3637.26,17411,146.00,0,0.00,63793.0,99117,19741.0
2023-05-16,52460.02,117079,2511.65,209887,4018.45,17041,146.00,0,0.00,69151.0,96192,20432.0
2023-05-15,57921.1,129902,2581.76,289341,5269.36,17688,146.00,0,0.00,70209.0,113421,20933.0
2023-05-14,46311.0,135991,2674.01,382384,6017.81,17200,146.00,0,0.00,68052.0,104561,25911.0
2023-05-13,35272.66,123181,2676.15,337864,5711.21,17477,146.00,0,0.00,61595.0,97797,26087.0
2023-05-12,52153.37,116877,2524.64,264299,4955.62,17354,145.67,0,0.00,54859.0,95152,21483.0
2023-05-11,52413.26,120899,2513.44,264819,4784.88,16754,146.00,0,0.00,51568.0,104017,19437.0
2023-05-10,48343.92,115462,2554.89,291170,4996.35,18510,146.00,0,0.00,66969.0,107147,18919.0
2023-05-09,54143.08,137744,2888.24,294662,6365.31,20788,145.83,0,0.00,71061.0,110616,18640.0
2023-05-08,89595.36,131147,2955.63,359358,7468.86,18933,146.00,0,0.00,71901.0,112164,19270.0
2023-05-07,53510.11,145295,3085.74,407029,7430.35,19579,146.00,0,0.00,80751.0,143303,23938.0
2023-05-06,38577.81,155761,3307.33,264960,4666.61,18148,146.00,0,0.00,109677.0,119774,19346.0
2023-05-05,38510.5,208391,3143.19,201734,3465.91,18316,146.01,0,0.00,116468.0,139168,16296.0
2023-05-04,50102.51,241079,3020.26,203495,3316.07,18397,146.13,0,0.00,94641.0,162847,16578.0
2023-05-03,50939.88,134484,1962.15,239038,3615.55,28883,277.00,0,0.00,121565.0,115064,15896.0
2023-05-02,20917.52,169871,2262.15,258377,4506.84,32600,277.00,0,0.00,114996.0,142177,15974.0
2023-05-01,31120.84,184825,2322.80,294052,4387.04,41481,277.00,0,0.00,94041.0,185616,16173.0
2023-04-30,29282.74,109975,2266.62,314041,4858.77,40581,277.00,0,0.00,89977.0,118104,18612.0
2023-04-29,35271.44,111203,2346.04,295631,4049.02,34365,277.00,0,0.00,82442.0,119158,18398.0
2023-04-28,45435.41,101093,2135.69,198584,3548.61,29044,277.00,0,0.00,79806.0,117295,14942.0
2023-04-27,36629.44,102203,2096.99,158377,2966.28,22525,277.00,0,0.00,70870.0,104399,14563.0
2023-04-26,36089.92,104526,2179.40,204361,3419.69,28728,277.00,0,0.00,75165.0,120719,13827.0
2023-04-25,22617.49,105392,2200.81,232760,3724.17,28313,277.00,0,0.00,73748.0,120850,14477.0
2023-04-24,36708.23,104012,2161.59,264049,4591.27,27316,277.00,0,0.00,68640.0,130817,14688.0
2023-04-23,38440.71,107268,2440.48,376456,5420.68,35453,277.00,0,0.00,63550.0,96087,19813.0
2023-04-22,32811.84,96245,2432.44,329271,4986.58,40154,277.00,0,0.00,75917.0,136318,18208.0
2023-04-21,24735.12,93549,2298.46,257628,4463.15,36222,276.11,0,0.00,78010.0,118132,15916.0
2023-04-20,43721.37,103117,2222.27,224562,3796.72,34962,276.05,0,0.00,68624.0,106596,15755.0
2023-04-19,25094.32,87337,1950.85,206747,4080.34,32723,276.90,0,0.00,76141.0,97148,15221.0
2023-04-18,25337.59,96263,2176.99,210965,3758.87,28968,277.00,0,0.00,70133.0,111231,14050.0
2023-04-17,42675.66,94030,2184.95,191475,3229.92,41577,277.00,0,0.00,82215.0,121832,14582.0
2023-04-16,18515.48,102708,2355.27,244564,3765.80,44829,277.00,0,0.00,86011.0,123459,19039.0
2023-04-15,25994.5,113566,2368.70,200488,3023.62,43947,277.00,0,0.00,77861.0,142203,18925.0
2023-04-14,25132.0,96928,2171.96,188420,2908.34,37284,277.00,0,0.00,74841.0,119322,17258.0
2023-04-13,24758.8,93876,2210.16,194855,3145.42,24969,277.00,0,0.00,80090.0,113819,17255.0
2023-04-12,27175.32,101265,2139.32,163265,2661.98,35668,277.00,0,0.00,80051.0,117516,15504.0
2023-04-11,27511.41,102753,2147.41,186266,3448.38,34794,277.00,0,0.00,92047.0,125735,14943.0
2023-04-10,26533.56,114316,2258.58,191461,3654.17,43383,277.00,0,0.00,90124.0,138780,14514.0
2023-04-09,28959.19,105353,2264.84,178567,2569.22,37417,277.00,0,0.00,78705.0,141334,14563.0
2023-04-08,13098.4,103863,2370.62,189819,3174.80,39617,277.00,0,0.00,82929.0,129544,15848.0
2023-04-07,24870.32,101251,2196.91,154544,2363.56,40605,277.00,0,0.00,89564.0,127608,13405.0
2023-04-06,16287.15,99179,2159.94,148525,2600.81,49784,277.00,0,0.00,81470.0,119311,13031.0
2023-04-05,25544.96,96854,2126.31,147650,3041.11,44293,277.00,0,0.00,73734.0,130118,13731.0
2023-04-04,23002.37,94646,2142.45,153922,3179.98,44352,277.00,0,0.00,69086.0,114967,13643.0
2023-04-03,35497.47,86359,2262.37,158892,2622.71,40051,277.00,0,0.00,68780.0,119844,14816.0
2023-04-02,27456.81,91688,2302.37,176146,3029.61,40476,277.00,0,0.00,78199.0,144711,17838.0
2023-04-01,24033.9,105564,2437.06,167904,2444.10,47442,277.00,0,0.00,77108.0,114882,15778.0
2023-03-31,24163.67,94549,2296.04,153258,2373.71,41169,277.00,0,0.00,78264.0,97842,12367.0
2023-03-30,15719.8,97903,2228.86,168297,2568.93,40889,277.00,0,0.00,67208.0,115367,12989.0
2023-03-29,23645.59,91814,2208.07,176995,2748.77,44756,277.00,0,0.00,71526.0,118081,13286.0
2023-03-28,18698.43,96122,2311.95,204280,3412.72,38626,277.00,0,0.00,98969.0,123026,13944.0
2023-03-27,32789.14,126929,2323.33,197448,3651.93,35115,277.00,0,0.00,104275.0,146418,15099.0
2023-03-26,30283.6,128021,2480.85,257716,3856.58,33014,277.00,0,0.00,105898.0,137887,18424.0
2023-03-25,18672.84,134559,2536.67,200038,3064.20,27157,277.00,0,0.00,76452.0,135101,17297.0
2023-03-24,22137.54,121511,2315.43,146215,2448.59,27216,277.00,0,0.00,78895.0,146449,15731.0
2023-03-23,27001.42,122754,2285.66,143307,2411.84,31786,277.00,0,0.00,114682.0,150437,15184.0
2023-03-22,30508.6,146973,2344.93,142238,2234.60,30417,277.00,0,0.00,74746.0,119249,14145.0
2023-03-21,21314.1,125891,2275.91,162594,2630.44,31670,276.75,0,0.00,69911.0,128782,14057.0
2023-03-20,20900.93,132421,2301.42,163457,2922.64,31791,276.67,0,0.00,74281.0,142441,13725.0
2023-03-19,20355.04,134779,2475.85,218579,2763.69,31315,276.88,0,0.00,70017.0,140392,15670.0
2023-03-18,19810.87,129053,2470.09,198531,2715.94,30378,275.95,0,0.00,68366.0,146502,13646.0
2023-03-17,20939.83,128351,2265.41,151213,2222.37,31271,274.90,0,0.00,62362.0,138194,10928.0
2023-03-16,27495.05,131396,2322.90,137246,2665.58,32067,276.26,0,0.00,57908.0,145251,11525.0
2023-03-15,23018.87,133655,2268.86,150044,3044.37,34488,277.00,0,0.00,57536.0,154036,11330.0
2023-03-14,21236.0,140976,2334.78,176225,2880.07,36422,275.53,0,0.00,82507.0,164115,12006.0
2023-03-13,20921.04,150796,2355.52,153032,2710.68,36776,274.53,0,0.00,77781.0,137563,12673.0
2023-03-12,24534.06,149046,2418.38,181174,2758.69,37447,275.75,0,0.00,70275.0,143809,14696.0
2023-03-11,23645.55,143167,2442.56,165691,2119.33,37466,275.61,0,0.00,59432.0,143464,13478.0
2023-03-10,20402.99,117055,2216.31,156321,1977.82,31913,276.26,0,0.00,57179.0,124923,11635.0
2023-03-09,18572.97,111285,2114.99,181539,2357.53,30442,276.68,0,0.00,65294.0,117729,11689.0
2023-03-08,26576.23,120592,2106.65,133127,1930.35,28055,277.00,0,0.00,63271.0,116358,8763.0
2023-03-07,17441.94,135141,2225.27,165134,2387.34,27950,277.00,0,0.00,76504.0,137639,6084.0
2023-03-06,33213.25,145474,2254.88,199424,2434.42,28917,277.00,0,0.00,77018.0,147706,5889.0
2023-03-05,16420.77,144394,2303.66,175456,2878.97,28214,277.00,0,0.00,94119.0,148025,6428.0
2023-03-04,27150.41,163772,2362.32,165562,2333.93,29085,277.00,0,0.00,106689.0,134710,5813.0
2023-03-03,27716.59,146969,2212.90,125116,2114.46,28720,277.00,0,0.00,80064.0,112841,5225.0
2023-03-02,17732.13,143573,2139.93,145034,2149.93,29476,277.00,0,0.00,64184.0,130805,5495.0
2023-03-01,14450.18,133116,2015.02,161436,2306.58,33800,188.42,0,0.00,60347.0,139542,4279.0
2023-02-28,17300.52,99539,1602.05,168949,2562.44,38352,120.00,0,0.00,57183.0,107374,4064.0
2023-02-27,14591.17,80079,1392.05,170792,2180.99,30654,112.18,0,0.00,62299.0,104481,4880.0
2023-02-26,20001.9,77808,1198.16,198059,2669.20,29670,110.00,0,0.00,66144.0,86349,4799.0
2023-02-25,13036.25,80338,1232.00,186184,2496.74,24422,110.00,0,0.00,61015.0,87495,4757.0
2023-02-24,17055.44,71934,1161.01,175678,2156.28,20023,110.00,0,0.00,54994.0,88067,4998.0
2023-02-23,14856.25,73508,1136.88,190169,2673.38,17790,110.00,0,0.00,71875.0,76472,5011.0
2023-02-22,21533.02,107419,1634.84,162242,2455.61,20802,110.00,0,0.00,75404.0,101011,5243.0
2023-02-21,21963.17,119229,1758.19,161971,2701.08,25531,110.00,0,0.00,61902.0,103582,4940.0
2023-02-20,48216.86,118250,1628.80,149379,2277.13,41416,110.00,0,0.00,62652.0,122178,5557.0
2023-02-19,24646.27,101058,1496.27,150715,2058.14,26841,110.00,0,0.00,55675.0,118125,5493.0
2023-02-18,18530.06,95917,1326.72,126800,1807.48,25250,110.00,0,0.00,40513.0,113871,5072.0
2023-02-17,18309.98,75855,1211.16,111800,1785.09,28078,110.00,0,0.00,44050.0,109434,4681.0
2023-02-16,27398.38,66724,1223.60,107586,1803.22,30566,110.00,0,0.00,51916.0,103774,4900.0
2023-02-15,9893.17,63673,1027.58,102506,1596.93,29381,110.00,0,0.00,54249.0,88479,4856.0
2023-02-14,11330.77,65468,1075.63,89117,1485.96,25556,110.00,0,0.00,55469.0,94190,4743.0
2023-02-13,11877.92,62682,1081.94,108671,1737.13,26627,109.86,0,0.00,52835.0,81406,5465.0
2023-02-12,9183.73,64155,1117.59,130982,1752.38,24583,110.00,0,0.00,48474.0,90959,4991.0
2023-02-11,14747.79,63993,1182.58,113804,1592.23,33493,110.00,0,0.00,47894.0,87341,4877.0
2023-02-10,14565.95,63891,1132.95,110070,1650.39,4509,24.07,0,0.00,44738.0,80900,4964.0
2023-02-09,10278.31,67579,1126.20,118880,1646.41,0,0.00,0,0.00,59898.0,81856,4774.0
2023-02-08,13696.98,68168,1087.27,144348,2124.66,0,0.00,0,0.00,51573.0,69450,5234.0
2023-02-07,16285.98,74228,1142.23,159521,2234.77,0,0.00,0,0.00,52510.0,90541,5194.0
2023-02-06,19321.25,70943,1140.53,153194,1956.91,0,0.00,0,0.00,54303.0,90727,5398.0
2023-02-05,15355.06,68623,1182.21,150282,2011.86,0,0.00,0,0.00,58977.0,100114,5683.0
2023-02-04,17101.42,71330,1187.34,130757,1590.93,0,0.00,0,0.00,51387.0,81198,5273.0
2023-02-03,13125.21,71666,1136.84,110958,1510.71,0,0.00,0,0.00,50215.0,83815,4881.0
2023-02-02,12032.51,63728,1073.40,125000,1872.82,0,0.00,0,0.00,56287.0,72055,5782.0
2023-02-01,26998.42,68913,1088.33,127498,1788.95,0,0.00,0,0.00,55169.0,72086,5099.0
2023-01-31,16505.07,65697,1133.75,116614,1687.54,0,0.00,0,0.00,55193.0,71491,4487.0
2023-01-30,12922.65,70870,1156.48,115056,1545.71,0,0.00,0,0.00,52988.0,82475,4755.0
2023-01-29,12860.13,70322,1217.79,123144,1535.48,0,0.00,0,0.00,56068.0,87774,4861.0
2023-01-28,7443.38,68753,1180.64,103768,1128.34,0,0.00,0,0.00,49528.0,89164,4500.0
2023-01-27,14533.95,63877,1104.99,95191,1165.65,0,0.00,0,0.00,49016.0,99538,4223.0
2023-01-26,16425.82,68642,1093.81,100790,1355.94,0,0.00,0,0.00,46330.0,85009,4218.0
2023-01-25,13657.41,61777,1124.05,114542,1710.58,0,0.00,0,0.00,47039.0,81432,4498.0
2023-01-24,9165.43,65768,1134.10,109262,1429.97,0,0.00,0,0.00,48729.0,81825,4869.0
2023-01-23,11619.91,67625,1161.27,120996,1510.55,0,0.00,0,0.00,45248.0,94227,4687.0
2023-01-22,13606.85,71115,1195.14,144652,1787.49,0,0.00,0,0.00,46151.0,88908,4421.0
2023-01-21,7065.87,69448,1176.32,129101,1638.24,0,0.00,0,0.00,44524.0,83846,4555.0
2023-01-20,10130.16,64473,1142.80,122681,1767.75,0,0.00,0,0.00,48515.0,86201,4273.0
2023-01-19,10031.91,63334,1093.29,135683,1615.24,0,0.00,0,0.00,47327.0,97800,4184.0
2023-01-18,18315.3,61995,1097.93,156143,2147.20,0,0.00,0,0.00,52625.0,103444,3983.0
2023-01-17,12136.74,63671,1136.89,176916,2203.53,0,0.00,0,0.00,42877.0,123395,4024.0
2023-01-16,15027.48,57085,1155.37,190211,2309.96,0,0.00,0,0.00,39615.0,138368,4405.0
2023-01-15,16205.8,58036,1191.40,182738,2215.21,0,0.00,0,0.00,38936.0,142762,4613.0
2023-01-14,8958.97,57039,1181.02,140224,1561.73,0,0.00,0,0.00,43622.0,87296,4254.0
2023-01-13,25015.37,53376,966.69,111103,1315.74,0,0.00,0,0.00,38949.0,85829,4167.0
2023-01-12,16279.35,52378,918.78,105959,1532.52,0,0.00,0,0.00,38656.0,71998,4139.0
2023-01-11,22512.63,49747,920.82,101443,1303.56,0,0.00,0,0.00,37231.0,79804,3955.0
2023-01-10,15607.41,53583,923.83,120545,1707.17,0,0.00,0,0.00,45196.0,98295,4161.0
2023-01-09,19935.36,55333,956.46,138899,1953.74,0,0.00,0,0.00,40359.0,102295,3456.0
2023-01-08,15832.39,55152,959.43,151553,2033.35,0,0.00,0,0.00,48834.0,79616,3367.0
2023-01-07,11032.12,55004,959.55,135634,1536.18,0,0.00,0,0.00,44287.0,79664,3249.0
2023-01-06,12425.09,57461,936.93,123782,1683.33,0,0.00,0,0.00,48381.0,98222,3244.0
2023-01-05,15926.89,51796,924.82,147577,1874.41,0,0.00,0,0.00,40343.0,101633,3345.0
2023-01-04,19942.52,47686,927.67,155075,2066.84,0,0.00,0,0.00,59520.0,63984,3871.0
2023-01-03,21397.0,50036,903.78,154452,2146.56,0,0.00,0,0.00,58526.0,152976,3740.0
2023-01-02,14400.03,66625,959.21,156675,2260.23,0,0.00,0,0.00,53922.0,163060,3226.0
2023-01-01,10790.56,79007,982.04,122234,1569.37,0,0.00,0,0.00,62054.0,184673,2771.0
2022-12-31,12413.13,59858,966.82,95741,1056.38,0,0.00,0,0.00,48871.0,151656,2615.0
2022-12-30,14300.0,52426,921.30,102927,1268.40,0,0.00,0,0.00,51429.0,118932,2706.0
2022-12-29,14793.74,51999,906.45,127004,1602.69,0,0.00,0,0.00,45524.0,122108,2733.0
2022-12-28,14729.94,55336,925.25,129114,1705.60,0,0.00,0,0.00,44184.0,125185,2587.0
2022-12-27,15642.75,61489,904.37,144215,1805.94,0,0.00,0,0.00,41216.0,136584,2691.0
2022-12-26,10875.03,63613,961.69,139400,1634.94,0,0.00,0,0.00,37179.0,130748,2733.0
2022-12-25,11568.85,67400,1008.12,90543,1077.04,0,0.00,0,0.00,65540.0,118359,2435.0
2022-12-24,12213.71,66671,1042.10,68898,1001.68,0,0.00,0,0.00,66008.0,108253,2436.0
2022-12-23,15318.39,57426,1014.46,86027,1286.98,0,0.00,0,0.00,51954.0,102614,3111.0
2022-12-22,14014.54,53917,1029.51,97156,1356.98,0,0.00,0,0.00,46561.0,93248,2806.0
2022-12-21,14797.89,60599,1022.26,94057,1298.47,0,0.00,0,0.00,42533.0,94268,2770.0
2022-12-20,18061.52,51186,1036.04,117827,1750.38,0,0.00,0,0.00,40258.0,84139,3033.0
2022-12-19,16101.87,59939,1037.01,160395,2618.15,0,0.00,0,0.00,32121.0,98861,3368.0
2022-12-18,14747.72,13668,393.88,196009,3187.98,0,0.00,0,0.00,32456.0,46590,3342.0
2022-12-17,10995.33,12023,353.11,194592,3393.49,0,0.00,0,0.00,40624.0,38823,3158.0
2022-12-16,24100.04,27553,638.74,204923,3912.23,0,0.00,0,0.00,35645.0,56847,3365.0
2022-12-15,52336.65,43345,943.19,222182,4431.25,0,0.00,0,0.00,33162.0,72482,3190.0
2022-12-14,25806.72,44241,926.92,174106,3606.35,0,0.00,0,0.00,30399.0,82187,3297.0
2022-12-13,29825.07,42444,947.62,149365,3167.34,0,0.00,0,0.00,29031.0,92670,3764.0
2022-12-12,45504.33,39982,796.65,120132,2590.49,0,0.00,0,0.00,34333.0,83598,3908.0
2022-12-11,25817.9,39790,821.91,103417,2095.27,0,0.00,0,0.00,36234.0,96883,3368.0
2022-12-10,29946.97,29980,676.17,71057,1446.60,0,0.00,0,0.00,36423.0,69219,3610.0
2022-12-09,54674.79,22344,579.01,58783,1277.36,0,0.00,0,0.00,33703.0,55923,3104.0
2022-12-08,50184.36,17305,511.79,52103,1311.71,0,0.00,0,0.00,39866.0,41039,3008.0
2022-12-07,6653.42,18403,542.50,70588,1168.84,0,0.00,0,0.00,43046.0,44042,3067.0
2022-12-06,8706.35,20911,559.21,154846,2758.91,0,0.00,0,0.00,45011.0,55018,2846.0
2022-12-05,11926.74,19524,566.60,173571,2999.76,0,0.00,0,0.00,42539.0,48739,3126.0
2022-12-04,6709.32,20329,587.65,162208,2921.51,0,0.00,0,0.00,35471.0,53338,3342.0
2022-12-03,6723.28,17836,569.01,169029,2825.01,0,0.00,0,0.00,40753.0,54269,3431.0
2022-12-02,5912.64,18134,560.77,139947,2694.51,0,0.00,0,0.00,90710.0,56341,3469.0
2022-12-01,11205.66,37596,1165.89,179227,3457.00,0,0.00,0,0.00,127313.0,125880,3514.0
2022-11-30,28705.75,82446,2585.12,172986,3848.80,0,0.00,0,0.00,92280.0,164927,2945.0
2022-11-29,33851.9,65107,2687.15,148007,3188.42,0,0.00,0,0.00,74820.0,138010,2989.0
2022-11-28,58685.79,50403,2760.46,215729,6671.27,0,0.00,0,0.00,76311.0,113754,3360.0
2022-11-27,28747.41,71358,2869.66,209870,5230.28,0,0.00,0,0.00,83668.0,130839,3194.0
2022-11-26,26943.68,65355,2689.17,164198,4795.42,0,0.00,0,0.00,64764.0,140325,3363.0
2022-11-25,52248.3,50473,2607.75,139282,4160.63,0,0.00,0,0.00,68044.0,118346,3387.0
2022-11-24,17019.19,55161,2157.87,84928,1943.07,0,0.00,0,0.00,78629.0,129738,2387.0
2022-11-23,19065.95,61639,2159.65,90613,2203.75,0,0.00,0,0.00,89957.0,128962,2519.0
2022-11-22,19578.18,67389,2206.10,99973,2112.95,0,0.00,0,0.00,93539.0,143721,2696.0
2022-11-21,22233.45,66139,2273.26,103688,2271.49,0,0.00,0,0.00,110017.0,133494,2698.0
2022-11-20,32479.19,59099,2018.31,75342,1573.69,0,0.00,0,0.00,84800.0,141742,2597.0
2022-11-19,11230.81,39483,1246.20,68070,1195.71,0,0.00,0,0.00,58990.0,90933,2864.0
2022-11-18,10603.3,39676,1171.53,63574,1265.56,0,0.00,0,0.00,60011.0,68207,2587.0
2022-11-17,4728.96,45341,1186.47,69680,1129.06,0,0.00,0,0.00,56135.0,74903,2628.0
2022-11-16,7283.14,49998,1186.08,72046,1336.25,0,0.00,0,0.00,53595.0,80151,2677.0
2022-11-15,12706.48,52820,1219.37,85552,1339.30,0,0.00,0,0.00,61627.0,75491,2795.0
2022-11-14,8757.52,48997,1260.09,109069,1913.50,0,0.00,0,0.00,57607.0,69387,2823.0
2022-11-13,9631.4,48137,1227.10,139154,2045.78,0,0.00,0,0.00,57780.0,82514,2787.0
2022-11-12,12007.06,43355,1134.00,101092,1703.78,0,0.00,0,0.00,59194.0,81953,2677.0
2022-11-11,28713.0,40271,1116.62,93618,1704.33,0,0.00,0,0.00,51083.0,64739,2917.0
2022-11-10,6929.33,41978,1070.90,92169,1453.34,0,0.00,0,0.00,51270.0,68489,2643.0
2022-11-09,8372.73,45583,991.76,104206,1918.27,0,0.00,0,0.00,51163.0,85457,2721.0
2022-11-08,11095.42,44106,967.95,120218,1695.30,0,0.00,0,0.00,49498.0,89909,2957.0
2022-11-07,11358.3,41383,902.33,96479,1547.78,0,0.00,0,0.00,50110.0,96269,3257.0
2022-11-06,8943.54,42859,877.72,91861,1316.83,0,0.00,0,0.00,46093.0,127343,3566.0
2022-11-05,6613.44,46831,917.78,74266,1185.65,0,0.00,0,0.00,37348.0,107674,3459.0
2022-11-04,6437.9,43377,892.12,64839,1059.63,0,0.00,0,0.00,35701.0,85432,3219.0
2022-11-03,7650.98,43375,883.03,54727,1092.50,0,0.00,0,0.00,32129.0,87175,3292.0
2022-11-02,7616.69,45158,909.47,50042,1057.17,0,0.00,0,0.00,25680.0,83711,3517.0
2022-11-01,7462.91,49185,944.13,45545,847.13,0,0.00,0,0.00,26243.0,78726,3479.0
2022-10-31,12683.22,56309,925.75,41299,655.41,0,0.00,0,0.00,9272.0,80169,2685.0
2022-10-30,4209.27,35398,506.97,49422,733.03,0,0.00,0,0.00,7877.0,76155,2916.0
2022-10-29,5126.4,30802,494.21,43493,779.19,0,0.00,0,0.00,9745.0,63502,2786.0
2022-10-28,18244.53,21601,372.20,45395,729.76,0,0.00,0,0.00,8205.0,49293,2971.0
2022-10-27,7442.86,20136,377.39,51002,1033.89,0,0.00,0,0.00,8179.0,49862,2854.0
2022-10-26,6131.13,20343,402.44,54910,1325.90,0,0.00,0,0.00,7564.0,50339,3254.0
2022-10-25,4149.59,30509,507.70,63825,863.20,0,0.00,0,0.00,8330.0,59278,3192.0
2022-10-24,9949.04,29767,578.88,69670,1156.37,0,0.00,0,0.00,9026.0,60053,3113.0
2022-10-23,10791.45,37292,832.33,64049,912.35,0,0.00,0,0.00,6198.0,71437,2797.0
2022-10-22,5493.42,22736,455.08,47196,750.31,0,0.00,0,0.00,5865.0,57776,2816.0
2022-10-21,11917.24,20337,446.83,48217,861.33,0,0.00,0,0.00,6752.0,54354,2742.0
2022-10-20,10983.45,25268,515.48,49808,946.51,0,0.00,0,0.00,24068.0,56567,2837.0
2022-10-19,2647.04,24549,524.07,59995,1012.43,0,0.00,0,0.00,47051.0,50612,2720.0
2022-10-18,8665.33,28090,650.07,59773,900.51,0,0.00,0,0.00,43411.0,55240,2727.0
2022-10-17,12194.45,26594,608.74,63734,1174.21,0,0.00,0,0.00,50902.0,59625,2947.0
2022-10-16,10624.03,34729,698.39,61073,890.29,0,0.00,0,0.00,45117.0,49148,3062.0
2022-10-15,4835.57,25561,531.03,53991,766.43,0,0.00,0,0.00,39089.0,43532,2788.0
2022-10-14,4435.49,23361,519.95,56623,1022.51,0,0.00,0,0.00,40823.0,52920,2938.0
2022-10-13,10602.11,22649,464.21,63950,1072.61,0,0.00,0,0.00,42442.0,41387,3062.0
2022-10-12,7718.61,26230,509.13,57562,1050.32,0,0.00,0,0.00,42262.0,41264,2949.0
2022-10-11,6970.84,26383,530.09,59578,1319.80,0,0.00,0,0.00,51124.0,44131,3294.0
2022-10-10,14258.08,30379,579.23,52912,1075.55,0,0.00,0,0.00,51109.0,54424,3255.0
2022-10-09,5044.1,25840,506.73,51544,994.95,0,0.00,0,0.00,60216.0,53737,3327.0
2022-10-08,5029.52,30655,543.17,50518,949.07,0,0.00,0,0.00,52240.0,78613,3150.0
2022-10-07,8129.05,25942,514.10,44925,901.56,0,0.00,0,0.00,43106.0,100225,3104.0
2022-10-06,13087.61,21012,467.50,38725,955.65,2,0.01,0,0.00,41201.0,45784,2854.0
2022-10-05,24059.27,18422,484.36,48136,986.22,2930,35.00,0,0.00,48431.0,51400,3155.0
2022-10-04,12164.5,23663,486.99,55112,1007.96,3057,35.02,0,0.00,60679.0,60649,3132.0
2022-10-03,4298.92,35699,668.23,53501,824.20,12010,129.55,0,0.00,65962.0,59982,3402.0
2022-10-02,10139.43,39621,755.63,61414,982.84,13091,124.66,0,0.00,64399.0,73649,3575.0
2022-10-01,5055.97,39119,721.41,49821,865.39,13227,129.96,0,0.00,55203.0,63457,3512.0
2022-09-30,14609.46,32966,708.07,44336,705.37,12113,127.99,0,0.00,50146.0,60638,2855.0
2022-09-29,7395.46,22483,536.29,43751,1076.87,10157,129.08,0,0.00,90954.0,62608,2653.0
2022-09-28,6823.03,33141,626.12,45879,995.16,10344,130.00,0,0.00,101794.0,113573,2564.0
2022-09-27,10714.35,36011,636.87,49668,867.31,12194,130.00,0,0.00,123688.0,121711,2658.0
2022-09-26,7091.7,32753,629.51,55592,1078.58,13872,130.00,0,0.00,149393.0,145340,2883.0
2022-09-25,3874.88,35913,658.67,67129,1038.84,10479,100.00,0,0.00,131634.0,179255,2629.0
2022-09-24,6841.24,32669,645.71,57005,1016.22,10042,99.89,0,0.00,123219.0,163857,2928.0
2022-09-23,6215.87,29790,603.86,51327,893.86,8445,98.75,0,0.00,117160.0,140165,2883.0
2022-09-22,4996.46,22086,451.37,61359,1053.75,8657,98.23,0,0.00,95817.0,134221,2918.0
2022-09-21,14979.12,16686,397.48,57796,1270.62,9191,100.00,0,0.00,96174.0,115398,3099.0
2022-09-20,14190.72,20338,407.37,65571,1322.24,11053,99.92,0,0.00,109549.0,124481,3334.0
2022-09-19,13022.35,22945,430.75,74561,1394.65,8881,100.00,0,0.00,119148.0,138789,3325.0
2022-09-18,10569.21,32615,530.66,89793,1415.97,6097,64.99,0,0.00,97683.0,154285,3202.0
2022-09-17,5048.36,29582,532.76,81570,1323.33,6556,64.59,0,0.00,74602.0,147391,3614.0
2022-09-16,13279.07,29737,536.27,77002,1225.78,6545,65.00,0,0.00,62059.0,146288,3390.0
2022-09-15,11834.79,24927,458.41,73536,1372.98,7523,64.86,0,0.00,96325.0,98167,3465.0
2022-09-14,43147.42,72162,1610.52,84236,1478.12,7158,65.00,0,0.00,82746.0,107904,
2022-09-13,20660.46,57456,1145.63,126845,2050.45,4009,40.40,0,0.00,85893.0,88606,
2022-09-12,34407.09,60360,1221.72,178462,2941.34,3639,39.98,0,0.00,97020.0,100874,
2022-09-11,19661.77,69248,1388.29,275392,4522.61,4600,58.84,0,0.00,103195.0,103603,
2022-09-10,20795.17,76627,1474.37,224334,3477.84,4030,59.38,0,0.00,112402.0,96501,
2022-09-09,16501.65,87331,1452.65,220287,3577.73,3899,59.11,0,0.00,106395.0,102251,
2022-09-08,14965.95,80516,1451.59,234596,3878.76,4511,58.86,0,0.00,115947.0,101281,
2022-09-07,28158.89,89427,1570.45,245645,4015.59,6933,69.93,0,0.00,136553.0,123497,
2022-09-06,39484.68,108533,1959.39,185800,3629.11,11719,87.14,0,0.00,113886.0,139211,
2022-09-05,118274.65,86646,1769.89,457778,9460.65,12723,88.24,0,0.00,131306.0,123702,
2022-09-04,58538.56,107580,2338.23,447936,7806.93,10522,89.24,0,0.00,149074.0,138317,
2022-09-03,51889.23,128230,2741.53,405961,6663.88,9805,88.81,0,0.00,158506.0,162744,
2022-09-02,42114.43,139728,2636.55,281585,4862.53,6958,88.42,0,0.00,159830.0,187446,
2022-09-01,23240.56,138780,2815.56,297768,5062.98,35227,330.00,0,0.00,179726.0,174550,
2022-08-31,45854.36,161150,2982.32,198812,4367.89,36074,329.28,0,0.00,205329.0,203132,
2022-08-30,33779.84,162675,3054.81,117879,2305.07,31301,330.00,0,0.00,234148.0,214342,
2022-08-29,61541.95,168177,3143.79,331253,5957.94,36881,330.00,0,0.00,244597.0,415893,
2022-08-28,56311.13,171057,3111.58,354540,6327.01,33192,325.29,0,0.00,240508.0,454428,
2022-08-27,29877.72,168265,3135.47,365207,5631.81,31839,325.00,0,0.00,271334.0,438682,
2022-08-26,40196.1,194288,2995.28,342748,5590.68,30366,330.00,0,0.00,248274.0,485328,
2022-08-25,48973.75,174688,3076.11,196828,3743.93,36161,326.89,0,0.00,242010.0,233494,
2022-08-24,36030.12,175859,3005.61,148040,2908.13,32791,330.00,0,0.00,232151.0,222594,
2022-08-23,38294.15,166190,3084.49,181977,3536.64,33086,330.00,0,0.00,321957.0,200161,
2022-08-22,74368.75,252835,4845.15,134809,2999.22,32700,329.87,0,0.00,267001.0,259236,
2022-08-21,33984.85,154365,2459.59,120243,2280.23,32104,329.20,0,0.00,296586.0,182879,
2022-08-20,14069.13,148340,2444.57,122988,2110.24,34771,329.26,0,0.00,278327.0,207571,
2022-08-19,11080.9,148042,2335.66,93153,1836.03,33028,329.61,0,0.00,276490.0,211647,
2022-08-18,36324.26,159482,2368.23,91052,1895.27,33952,328.21,0,0.00,250651.0,199656,
2022-08-17,28556.67,155712,2229.44,97874,2006.89,32617,330.00,0,0.00,226504.0,201983,
2022-08-16,22848.47,159749,2431.88,107170,2371.56,32103,330.00,0,0.00,193395.0,227213,
2022-08-15,37753.39,124731,2293.99,150718,2937.52,33171,330.00,0,0.00,230280.0,232783,
2022-08-14,16463.11,144479,2433.52,185428,3272.95,34614,330.00,0,0.00,232554.0,217245,
2022-08-13,21121.43,137165,2388.89,184778,3187.53,32079,330.00,0,0.00,210815.0,196029,
2022-08-12,21024.63,126428,2377.12,161779,2695.24,30656,330.00,0,0.00,214133.0,186342,
2022-08-11,20898.55,130021,2245.80,148950,2853.74,35890,300.00,0,0.00,201314.0,182164,
2022-08-10,20004.5,124869,1868.76,152231,2586.93,36838,300.00,0,0.00,205089.0,152054,
2022-08-09,42219.86,126252,1873.14,146634,2712.78,38033,300.00,0,0.00,180433.0,157348,
2022-08-08,67933.19,111355,1628.05,169883,3073.83,42387,300.00,0,0.00,170282.0,125414,
2022-08-07,108798.64,91527,1555.37,179767,3460.24,40511,297.36,0,0.00,132124.0,138167,
2022-08-06,15140.64,78702,1478.38,164301,3268.71,32823,300.00,0,0.00,107223.0,121810,
2022-08-05,14208.93,77293,1454.11,130768,2243.79,34829,300.00,0,0.00,105067.0,97366,
2022-08-04,28516.23,76371,1466.46,148329,3066.64,35500,300.00,0,0.00,104401.0,87706,
2022-08-03,26955.03,76147,1416.21,184036,3161.21,38763,300.00,0,0.00,103237.0,81969,
2022-08-02,30236.92,72943,1361.92,184687,3613.48,38859,300.00,0,0.00,116570.0,82288,
2022-08-01,39713.67,85700,1387.52,196504,3918.71,43196,300.00,0,0.00,135487.0,89353,
2022-07-31,29296.16,98427,1566.92,244719,4375.88,28915,200.00,0,0.00,135191.0,97878,
2022-07-30,25569.37,97048,1583.11,228046,3575.76,28075,199.90,0,0.00,124951.0,100165,
2022-07-29,34740.7,89730,1524.88,210219,3564.89,26999,200.00,0,0.00,123033.0,92731,
2022-07-28,35018.24,89565,1502.68,237321,3867.07,26114,200.00,0,0.00,144347.0,93970,
2022-07-27,30723.94,105161,1678.25,246872,4127.92,16183,100.00,0,0.00,174591.0,118626,
2022-07-26,33673.06,132923,1968.19,265351,4445.44,19373,97.83,0,0.00,187907.0,145057,
2022-07-25,46930.99,149278,2230.98,291625,4904.17,15532,100.00,0,0.00,159750.0,145691,
2022-07-24,34740.55,122172,2238.64,398034,5955.92,15833,99.40,0,0.00,154313.0,127881,
2022-07-23,27209.02,115315,2247.34,334588,5119.85,15752,99.59,0,0.00,152911.0,127664,
2022-07-22,20260.11,118603,2218.47,273575,4524.28,14498,98.06,0,0.00,141962.0,128248,
2022-07-21,30917.38,108347,2066.10,312638,5031.08,16106,97.00,0,0.00,125241.0,116028,
2022-07-20,46641.61,88960,1688.50,342160,5600.33,13950,95.24,0,0.00,113406.0,103000,
2022-07-19,29985.63,75147,1461.38,363281,5364.63,15800,97.34,0,0.00,117824.0,95320,
2022-07-18,63224.62,82280,1159.61,314214,5514.90,15524,100.00,0,0.00,119128.0,93357,
2022-07-17,36856.2,76420,1084.96,311482,5353.07,16010,100.00,0,0.00,118289.0,104480,
2022-07-16,48150.94,74442,1028.43,254093,4171.01,15785,98.40,0,0.00,103297.0,109738,
2022-07-15,33906.66,65471,1001.53,202591,4092.56,15396,96.89,0,0.00,89407.0,107345,
2022-07-14,35049.77,65494,1006.18,183474,3607.01,15547,98.49,0,0.00,76419.0,57187,
2022-07-13,30368.49,60469,960.32,214824,3954.38,43914,344.58,0,0.00,70943.0,62388,
2022-07-12,34500.54,56553,889.50,269941,5220.76,39831,350.00,0,0.00,74755.0,60019,
2022-07-11,40498.7,62265,924.29,344584,6465.17,38671,349.99,0,0.00,76909.0,67796,
2022-07-10,41240.04,64357,941.61,468492,8685.23,42001,350.00,0,0.00,77322.0,56755,
2022-07-09,28831.51,63569,917.10,390865,6702.77,41724,350.00,0,0.00,68658.0,55540,
2022-07-08,24570.32,58393,881.90,292652,5314.57,37886,349.19,0,0.00,61350.0,53449,
2022-07-07,22200.37,50531,932.45,341215,6596.10,39685,350.00,0,0.00,108848.0,39823,
2022-07-06,65892.27,98708,2767.13,398633,6831.77,49858,349.97,0,0.00,167763.0,104258,
2022-07-05,62225.4,157316,2898.76,416879,7799.95,44271,350.00,0,0.00,207389.0,144004,
2022-07-04,94715.47,197978,2960.04,431609,7907.12,46807,350.00,0,0.00,192330.0,139942,
2022-07-03,62685.16,178392,2750.98,404500,6649.24,39270,348.12,0,0.00,186726.0,96567,
2022-07-02,50449.14,170641,2546.68,356914,5996.73,37760,350.00,0,0.00,188672.0,102117,
2022-07-01,49010.45,170664,2430.39,342783,5564.08,41170,350.00,0,0.00,249665.0,114876,
2022-06-30,46744.04,210633,2936.64,392087,6303.71,26244,348.67,0,0.00,231088.0,141676,
2022-06-29,57712.04,173181,2719.62,331003,5857.25,35005,350.00,0,0.00,180913.0,135770,
2022-06-28,61504.02,134684,2515.30,311154,5863.98,35102,349.54,0,0.00,165673.0,104138,
2022-06-27,82337.21,127940,2356.33,371217,6664.87,35489,350.00,0,0.00,207552.0,87832,
2022-06-26,69181.82,153727,2746.50,365998,6382.61,21852,250.00,0,0.00,239626.0,113369,
2022-06-25,78577.36,182473,2783.60,339980,5182.86,22874,249.98,0,0.00,171523.0,119409,
2022-06-24,59962.13,118532,1999.82,335551,4501.14,20222,250.00,0,0.00,117479.0,79780,
2022-06-23,26742.66,72279,1285.87,266283,4999.73,21464,250.00,0,0.00,141867.0,58635,
2022-06-22,41800.95,107810,2245.87,235612,4839.70,31341,362.06,0,0.00,153783.0,66199,
2022-06-21,37441.57,126520,2478.68,272667,6075.30,25615,362.06,0,0.00,139767.0,77008,
2022-06-20,42785.04,113916,2472.78,171058,4682.14,21869,267.55,0,0.00,128194.0,92556,
2022-06-19,34473.95,108010,2081.62,239584,4891.15,13932,207.66,0,0.00,127620.0,85090,
2022-06-18,32999.99,105098,2191.66,287281,5070.44,15616,211.56,0,0.00,124955.0,118714,
2022-06-17,35135.42,105331,2194.75,420497,5308.97,18000,204.02,0,0.00,122664.0,55616,
2022-06-16,30446.43,105695,2335.03,225926,4890.43,9866,141.26,0,0.00,142103.0,52011,
2022-06-15,37685.33,120806,2668.33,286555,6536.16,7963,89.45,0,0.00,155649.0,76901,
2022-06-14,48154.29,134479,2755.81,350238,7723.41,2653,70.00,0,0.00,167993.0,90109,
2022-06-13,52760.05,144112,2683.95,364526,8360.97,2710,70.00,0,0.00,140223.0,100062,
2022-06-12,50250.64,125554,2139.29,289353,6409.33,2685,69.37,0,0.00,99816.0,70161,
2022-06-11,32162.08,90870,1619.68,231323,5015.32,2717,70.00,0,0.00,94271.0,31118,
2022-06-10,43494.36,85667,1569.81,194767,4272.57,2896,70.00,0,0.00,96108.0,42216,
2022-06-09,43456.74,87500,1582.79,199029,4231.60,2934,70.00,0,0.00,90370.0,46381,
2022-06-08,42284.96,80920,1363.36,219444,4532.44,2735,70.00,0,0.00,93558.0,36765,
2022-06-07,82829.6,83677,1378.73,208702,4328.60,2349,70.00,0,0.00,91055.0,47178,
2022-06-06,47226.9,80024,1419.29,225714,5067.47,3028,69.93,0,0.00,97723.0,54055,
2022-06-05,39520.04,86342,1734.22,256425,4984.10,2726,69.99,0,0.00,87183.0,59327,
2022-06-04,24965.75,77644,1795.04,171284,3737.69,2991,69.76,0,0.00,83265.0,41291,
2022-06-03,37452.21,74202,1734.50,167111,3697.75,2563,68.54,0,0.00,86167.0,43533,
2022-06-02,33610.76,78462,1649.46,237517,4689.19,3951,99.94,0,0.00,82213.0,37066,
2022-06-01,27201.26,74508,1705.91,320450,7017.95,6996,148.32,0,0.00,92948.0,48123,
2022-05-31,48011.61,84576,2023.79,238529,5122.18,7856,149.68,0,0.00,83093.0,71755,
2022-05-30,109424.62,73083,1626.11,360911,8104.93,9792,149.27,0,0.00,70559.0,118162,
2022-05-29,73845.82,61749,1373.25,240073,6063.33,10862,149.91,0,0.00,71573.0,131256,
2022-05-28,27393.37,62530,1357.56,171303,4073.75,9212,149.65,0,0.00,70794.0,44124,
2022-05-27,29050.7,58056,1292.06,140812,3597.07,8790,150.00,0,0.00,102468.0,35888,
2022-05-26,26964.54,83258,1592.61,140616,3362.84,9892,150.00,0,0.00,176847.0,41246,
2022-05-25,30995.8,159903,4203.71,164506,4364.13,14295,250.00,0,0.00,147851.0,80631,
2022-05-24,42801.65,142285,3361.71,182745,4302.68,14069,250.00,0,0.00,123210.0,49944,
2022-05-23,47286.2,116679,2824.58,248125,5574.68,13441,248.93,0,0.00,106876.0,44560,
2022-05-22,54720.16,94457,2730.41,271998,6034.84,13838,250.00,0,0.00,96442.0,52635,
2022-05-21,36086.49,81994,2412.67,221273,4812.47,15668,250.00,0,0.00,91824.0,35907,
2022-05-20,42014.92,77763,2178.94,191381,4152.07,16208,250.00,0,0.00,71668.0,42241,
2022-05-19,34973.58,59197,1501.41,203694,4371.70,17710,250.00,0,0.00,76591.0,47199,
2022-05-18,52422.78,64057,1026.04,245245,5278.07,19698,250.00,0,0.00,96882.0,53397,
2022-05-17,50132.13,84800,1670.14,245892,5872.17,21531,249.66,0,0.00,111668.0,55476,
2022-05-16,63219.25,98998,1873.23,270803,5997.71,19206,250.00,0,0.00,140491.0,57016,
2022-05-15,34990.87,125446,2423.22,352533,6657.57,19576,250.00,0,0.00,136335.0,87137,
2022-05-14,62869.37,120673,2221.38,289134,5389.58,16215,249.11,0,0.00,129051.0,77407,
2022-05-13,33490.66,115756,2244.40,202885,4408.64,16088,250.00,0,0.00,127718.0,72931,
2022-05-12,32174.68,114174,2129.26,199399,4002.58,21463,248.45,0,0.00,128047.0,78668,
2022-05-11,41321.17,112218,1995.19,184664,3495.99,21174,250.00,0,0.00,125415.0,70388,
2022-05-10,35111.61,108575,2060.11,193335,3306.49,18672,249.72,0,0.00,124012.0,77399,
2022-05-09,44587.41,105833,1887.02,201742,3418.19,18348,250.00,0,0.00,112008.0,79448,
2022-05-08,52809.08,91463,1386.76,218710,3192.44,17719,250.00,0,0.00,66049.0,75861,
2022-05-07,21678.06,48677,969.15,192845,2893.49,17060,250.00,0,0.00,71388.0,56443,
2022-05-06,24836.42,41197,1055.21,133490,2438.53,18225,250.00,0,0.00,80527.0,63400,
2022-05-05,22695.69,37098,947.53,173931,2954.26,18809,250.00,0,0.00,83119.0,55140,
2022-05-04,31325.36,37412,726.56,199407,2684.42,17609,250.00,0,0.00,70353.0,68226,
2022-05-03,38543.7,20034,432.18,221025,3701.95,19112,250.00,0,0.00,72495.0,56524,
2022-05-02,44305.55,17351,321.08,260126,4743.72,21041,250.00,0,0.00,74717.0,76334,
2022-05-01,31568.91,15073,328.22,363039,5550.30,21453,250.00,0,0.00,65985.0,82934,
2022-04-30,29037.57,12873,304.49,225012,3588.10,16181,250.00,0,0.00,60315.0,45463,
2022-04-29,28143.19,13101,242.09,176194,3123.15,17297,250.00,0,0.00,82506.0,56680,
2022-04-28,24897.41,1700,28.55,163150,2712.94,17969,250.00,0,0.00,81379.0,47491,
2022-04-27,42474.33,,,182142,3201.75,18832,250.00,0,0.00,87402.0,42955,
2022-04-26,46463.62,,,213229,3501.59,19321,250.00,0,0.00,88969.0,49011,
2022-04-25,41429.58,,,237318,3962.68,19099,250.00,0,0.00,90238.0,47471,
2022-04-24,33291.58,,,227432,3790.82,17261,250.00,0,0.00,66369.0,57828,
2022-04-23,27067.43,,,182497,2955.67,15945,250.00,0,0.00,78791.0,51375,
2022-04-22,38329.7,,,116236,2112.50,15256,250.00,0,0.00,80091.0,69148,
2022-04-21,22961.56,,,207018,2745.48,17898,250.00,0,0.00,88698.0,66193,
2022-04-20,22373.43,,,159731,3131.52,18783,250.00,0,0.00,83027.0,46156,
2022-04-19,28509.29,,,216452,3799.33,18262,250.00,0,0.00,121532.0,59005,
2022-04-18,28068.03,,,257995,4533.43,18958,250.00,0,0.00,131565.0,82012,
2022-04-17,16253.4,,,316115,4227.15,18951,250.00,0,0.00,124378.0,89149,
2022-04-16,27534.39,,,257591,4518.37,17858,250.00,0,0.00,122951.0,73185,
2022-04-15,19524.16,,,305279,4161.59,18157,250.00,0,0.00,118582.0,76902,
2022-04-14,24151.47,,,240705,3835.18,18601,250.00,0,0.00,112321.0,66855,
2022-04-13,31296.12,,,206137,2858.52,19656,250.00,0,0.00,120942.0,55381,
2022-04-12,27973.62,,,302908,3454.57,19036,250.00,0,0.00,104081.0,74591,
2022-04-11,45536.8,,,259768,3229.97,19183,250.00,0,0.00,109840.0,53749,
2022-04-10,28956.29,,,343220,3324.80,19562,250.00,0,0.00,107157.0,37550,
2022-04-09,27746.49,,,319399,4052.10,18842,247.70,0,0.00,101496.0,40939,
2022-04-08,17671.1,,,311299,3731.75,18702,248.43,0,0.00,112963.0,35363,
2022-04-07,23429.81,,,183738,2728.23,17915,250.06,0,0.00,114284.0,42575,
2022-04-06,27328.12,,,271319,3013.45,17155,275.00,0,0.00,94305.0,44098,
2022-04-05,20626.93,,,299231,3533.15,22629,300.00,0,0.00,75405.0,52936,
2022-04-04,16878.75,,,416388,3124.21,23293,300.03,0,0.00,54466.0,67749,
2022-04-03,16697.06,,,336682,3133.29,24596,345.50,0,0.00,57038.0,46592,
2022-04-02,34724.88,,,563826,3281.63,24766,335.40,0,0.00,43437.0,48282,
2022-04-01,8731.78,,,251089,2279.38,24957,323.09,0,0.00,43338.0,43420,
2022-03-31,13136.9,,,195083,2853.80,18097,282.09,0,0.00,39116.0,53596,
2022-03-30,25538.12,,,193399,3562.59,17222,295.76,0,0.00,39828.0,50347,
2022-03-29,23022.59,,,183824,2672.11,16341,285.09,0,0.00,46827.0,46462,
2022-03-28,15051.43,,,216102,2801.99,16497,270.99,0,0.00,45186.0,60947,
2022-03-27,27690.77,,,235467,3151.26,16896,261.98,0,0.00,45458.0,84846,
2022-03-26,19099.3,,,280886,3162.23,16109,256.55,0,0.00,41005.0,43072,
2022-03-25,18210.25,,,286120,2819.88,18233,270.63,0,0.00,38328.0,35272,
2022-03-24,15417.67,,,187306,2812.83,22554,292.22,0,0.00,41242.0,31437,
2022-03-23,22743.04,,,269538,3234.64,17412,286.08,0,0.00,49139.0,35488,
2022-03-22,23993.92,,,214370,3167.23,27340,340.09,0,0.00,71476.0,54278,
2022-03-21,30077.48,,,283933,3072.04,28977,339.14,0,0.00,97061.0,71790,
2022-03-20,15873.14,,,378750,5287.93,26511,343.91,0,0.00,100948.0,55402,
2022-03-19,20828.45,,,343873,4035.57,24067,347.09,0,0.00,89387.0,41719,
2022-03-18,14684.79,,,300315,3442.17,18523,350.00,0,0.00,91959.0,39529,
2022-03-17,16871.0,,,277284,3431.76,17304,349.23,0,0.00,90859.0,38764,
2022-03-16,19334.63,,,261154,3767.26,19875,350.00,0,0.00,80920.0,38902,
2022-03-15,19993.09,,,213977,2823.52,21768,347.98,0,0.00,81302.0,39998,
2022-03-14,32746.65,,,288743,3482.58,25007,335.64,0,0.00,71107.0,36239,
2022-03-13,20435.28,,,464754,4149.83,22314,310.19,0,0.00,66501.0,37807,
2022-03-12,23959.32,,,290000,3855.01,25764,304.90,0,0.00,53623.0,43116,
2022-03-11,9655.05,,,214773,3106.57,23277,307.00,0,0.00,57334.0,29100,
2022-03-10,14211.93,,,225292,2625.13,25385,300.27,0,0.00,74974.0,30306,
2022-03-09,11023.99,,,160220,2237.62,20086,209.24,0,0.00,83725.0,42743,
2022-03-08,16426.64,,,153975,2217.07,14225,175.00,0,0.00,77500.0,44623,
2022-03-07,13108.99,,,232075,2449.76,11961,175.00,0,0.00,76120.0,40523,
2022-03-06,14217.03,,,489402,3356.27,13141,175.00,0,0.00,95589.0,40993,
2022-03-05,5502.85,,,246203,2750.66,10216,175.00,0,0.00,92401.0,42548,
2022-03-04,11097.97,,,224502,2796.63,9547,175.00,0,0.00,87002.0,50938,
2022-03-03,16321.54,,,238275,2929.47,14253,170.67,0,0.00,103404.0,46033,
2022-03-02,16335.61,,,276220,3118.58,14860,173.36,0,0.00,108691.0,61187,
2022-03-01,8044.58,,,229270,2710.11,17283,174.25,0,0.00,108953.0,89095,
2022-02-28,17745.5,,,159893,2051.88,17946,125.65,0,0.00,139474.0,105802,
2022-02-27,11311.1,,,206191,2133.14,8316,74.82,0,0.00,133759.0,146282,
2022-02-26,19498.4,,,186012,1783.41,7838,74.58,0,0.00,118447.0,144823,
2022-02-25,10049.54,,,152718,1681.26,7896,75.00,0,0.00,111245.0,128430,
2022-02-24,9271.89,,,281770,1850.56,7253,75.00,0,0.00,101272.0,120108,
2022-02-23,5830.19,,,161836,2043.35,7183,74.07,0,0.00,117117.0,112220,
2022-02-22,9245.03,,,151847,1575.63,7349,75.00,0,0.00,76716.0,132889,
2022-02-21,16694.2,,,231661,1807.48,8765,75.00,0,0.00,58422.0,70050,
2022-02-20,13831.19,,,192943,1919.03,7468,75.00,0,0.00,55241.0,71955,
2022-02-19,20685.3,,,150285,1611.08,7593,75.00,0,0.00,51412.0,47462,
2022-02-18,9722.93,,,109464,1442.88,7874,75.00,0,0.00,90118.0,55552,
2022-02-17,18260.46,,,150703,1077.12,7032,75.00,0,0.00,106234.0,87320,
2022-02-16,9397.18,,,143399,1267.14,6162,73.81,0,0.00,104305.0,100967,
2022-02-15,8443.66,,,162458,1270.04,7195,74.73,0,0.00,102550.0,105434,
2022-02-14,5612.44,,,86936,1174.84,7467,74.98,0,0.00,129009.0,107806,
2022-02-13,10105.19,,,139853,1403.69,7669,74.57,0,0.00,100296.0,124594,
2022-02-12,5949.86,,,164048,1800.92,7115,74.76,0,0.00,117066.0,91132,
2022-02-11,11635.41,,,173709,1596.93,4846,75.00,0,0.00,116945.0,107587,
2022-02-10,9200.94,,,124944,1499.10,4759,74.54,0,0.00,102619.0,100724,
2022-02-09,12581.49,,,94103,938.67,5000,75.00,0,0.00,100105.0,88984,
2022-02-08,8666.75,,,88459,756.66,5154,75.00,0,0.00,102412.0,85692,
2022-02-07,5333.68,,,41607,635.51,6010,75.00,0,0.00,103373.0,91235,
2022-02-06,4970.31,,,86097,967.60,8189,75.00,0,0.00,102862.0,43709,
2022-02-05,2847.5,,,151261,1092.55,8023,75.00,0,0.00,136281.0,47041,
2022-02-04,1286.55,,,81692,907.67,7929,75.00,0,0.00,121262.0,40880,
2022-02-03,6734.47,,,96110,920.40,10011,94.95,0,0.00,52688.0,34393,
2022-02-02,8365.86,,,81949,950.93,5042,75.00,0,0.00,46201.0,30383,
2022-02-01,6175.43,,,61576,631.72,1975,52.12,0,0.00,50561.0,22492,
2022-01-31,7248.46,,,50077,627.57,1264,49.81,0,0.00,49376.0,28534,
2022-01-30,4420.55,,,59525,781.68,1128,49.32,0,0.00,44012.0,36179,
2022-01-29,4037.58,,,50978,638.21,1213,49.66,0,0.00,37656.0,41102,