"","date","revenue","fb_paid_total_impressions","fb_paid_spend","google_paid_total_impressions","google_paid_spend","pinterest_paid_total_impressions","pinterest_paid_spend","mountain_paid_total_impressions","mountain_paid_spend","fb_organic_total_impressions","instagram_organic_total_impressions","google_organic_total_impressions"
"1",2022-01-29,4037.58,0,0,50978,638.21,1213,49.66,0,0,37656,41102,0
"2",2022-01-30,4420.55,0,0,59525,781.68,1128,49.32,0,0,44012,36179,0
"3",2022-01-31,7248.46,0,0,50077,627.57,1264,49.81,0,0,49376,28534,0
"4",2022-02-01,6175.43,0,0,61576,631.72,1975,52.12,0,0,50561,22492,0
"5",2022-02-02,8365.86,0,0,81949,950.93,5042,75,0,0,46201,30383,0
"6",2022-02-03,6734.47,0,0,96110,920.4,10011,94.95,0,0,52688,34393,0
"7",2022-02-04,1286.55,0,0,81692,907.67,7929,75,0,0,121262,40880,0
"8",2022-02-05,2847.5,0,0,151261,1092.55,8023,75,0,0,136281,47041,0
"9",2022-02-06,4970.31,0,0,86097,967.6,8189,75,0,0,102862,43709,0
"10",2022-02-07,5333.68,0,0,41607,635.51,6010,75,0,0,103373,91235,0
"11",2022-02-08,8666.75,0,0,88459,756.66,5154,75,0,0,102412,85692,0
"12",2022-02-09,12581.49,0,0,94103,938.67,5000,75,0,0,100105,88984,0
"13",2022-02-10,9200.94,0,0,124944,1499.1,4759,74.54,0,0,102619,100724,0
"14",2022-02-11,11635.41,0,0,173709,1596.93,4846,75,0,0,116945,107587,0
"15",2022-02-12,5949.86,0,0,164048,1800.92,7115,74.76,0,0,117066,91132,0
"16",2022-02-13,10105.19,0,0,139853,1403.69,7669,74.57,0,0,100296,124594,0
"17",2022-02-14,5612.44,0,0,86936,1174.84,7467,74.98,0,0,129009,107806,0
"18",2022-02-15,8443.66,0,0,162458,1270.04,7195,74.73,0,0,102550,105434,0
"19",2022-02-16,9397.18,0,0,143399,1267.14,6162,73.81,0,0,104305,100967,0
"20",2022-02-17,18260.46,0,0,150703,1077.12,7032,75,0,0,106234,87320,0
"21",2022-02-18,9722.93,0,0,109464,1442.88,7874,75,0,0,90118,55552,0
"22",2022-02-19,20685.3,0,0,150285,1611.08,7593,75,0,0,51412,47462,0
"23",2022-02-20,13831.19,0,0,192943,1919.03,7468,75,0,0,55241,71955,0
"24",2022-02-21,16694.2,0,0,231661,1807.48,8765,75,0,0,58422,70050,0
"25",2022-02-22,9245.03,0,0,151847,1575.63,7349,75,0,0,76716,132889,0
"26",2022-02-23,5830.19,0,0,161836,2043.35,7183,74.07,0,0,117117,112220,0
"27",2022-02-24,9271.89,0,0,281770,1850.56,7253,75,0,0,101272,120108,0
"28",2022-02-25,10049.54,0,0,152718,1681.26,7896,75,0,0,111245,128430,0
"29",2022-02-26,19498.4,0,0,186012,1783.41,7838,74.58,0,0,118447,144823,0
"30",2022-02-27,11311.1,0,0,206191,2133.14,8316,74.82,0,0,133759,146282,0
"31",2022-02-28,17745.5,0,0,159893,2051.88,17946,125.65,0,0,139474,105802,0
"32",2022-03-01,8044.58,0,0,229270,2710.11,17283,174.25,0,0,108953,89095,0
"33",2022-03-02,16335.61,0,0,276220,3118.58,14860,173.36,0,0,108691,61187,0
"34",2022-03-03,16321.54,0,0,238275,2929.47,14253,170.67,0,0,103404,46033,0
"35",2022-03-04,11097.97,0,0,224502,2796.63,9547,175,0,0,87002,50938,0
"36",2022-03-05,5502.85,0,0,246203,2750.66,10216,175,0,0,92401,42548,0
"37",2022-03-06,14217.03,0,0,489402,3356.27,13141,175,0,0,95589,40993,0
"38",2022-03-07,13108.99,0,0,232075,2449.76,11961,175,0,0,76120,40523,0
"39",2022-03-08,16426.64,0,0,153975,2217.07,14225,175,0,0,77500,44623,0
"40",2022-03-09,11023.99,0,0,160220,2237.62,20086,209.24,0,0,83725,42743,0
"41",2022-03-10,14211.93,0,0,225292,2625.13,25385,300.27,0,0,74974,30306,0
"42",2022-03-11,9655.05,0,0,214773,3106.57,23277,307,0,0,57334,29100,0
"43",2022-03-12,23959.32,0,0,290000,3855.01,25764,304.9,0,0,53623,43116,0
"44",2022-03-13,20435.28,0,0,464754,4149.83,22314,310.19,0,0,66501,37807,0
"45",2022-03-14,32746.65,0,0,288743,3482.58,25007,335.64,0,0,71107,36239,0
"46",2022-03-15,19993.09,0,0,213977,2823.52,21768,347.98,0,0,81302,39998,0
"47",2022-03-16,19334.63,0,0,261154,3767.26,19875,350,0,0,80920,38902,0
"48",2022-03-17,16871,0,0,277284,3431.76,17304,349.23,0,0,90859,38764,0
"49",2022-03-18,14684.79,0,0,300315,3442.17,18523,350,0,0,91959,39529,0
"50",2022-03-19,20828.45,0,0,343873,4035.57,24067,347.09,0,0,89387,41719,0
"51",2022-03-20,15873.14,0,0,378750,5287.93,26511,343.91,0,0,100948,55402,0
"52",2022-03-21,30077.48,0,0,283933,3072.04,28977,339.14,0,0,97061,71790,0
"53",2022-03-22,23993.92,0,0,214370,3167.23,27340,340.09,0,0,71476,54278,0
"54",2022-03-23,22743.04,0,0,269538,3234.64,17412,286.08,0,0,49139,35488,0
"55",2022-03-24,15417.67,0,0,187306,2812.83,22554,292.22,0,0,41242,31437,0
"56",2022-03-25,18210.25,0,0,286120,2819.88,18233,270.63,0,0,38328,35272,0
"57",2022-03-26,19099.3,0,0,280886,3162.23,16109,256.55,0,0,41005,43072,0
"58",2022-03-27,27690.77,0,0,235467,3151.26,16896,261.98,0,0,45458,84846,0
"59",2022-03-28,15051.43,0,0,216102,2801.99,16497,270.99,0,0,45186,60947,0
"60",2022-03-29,23022.59,0,0,183824,2672.11,16341,285.09,0,0,46827,46462,0
"61",2022-03-30,25538.12,0,0,193399,3562.59,17222,295.76,0,0,39828,50347,0
"62",2022-03-31,13136.9,0,0,195083,2853.8,18097,282.09,0,0,39116,53596,0
"63",2022-04-01,8731.78,0,0,251089,2279.38,24957,323.09,0,0,43338,43420,0
"64",2022-04-02,34724.88,0,0,563826,3281.63,24766,335.4,0,0,43437,48282,0
"65",2022-04-03,16697.06,0,0,336682,3133.29,24596,345.5,0,0,57038,46592,0
"66",2022-04-04,16878.75,0,0,416388,3124.21,23293,300.03,0,0,54466,67749,0
"67",2022-04-05,20626.93,0,0,299231,3533.15,22629,300,0,0,75405,52936,0
"68",2022-04-06,27328.12,0,0,271319,3013.45,17155,275,0,0,94305,44098,0
"69",2022-04-07,23429.81,0,0,183738,2728.23,17915,250.06,0,0,114284,42575,0
"70",2022-04-08,17671.1,0,0,311299,3731.75,18702,248.43,0,0,112963,35363,0
"71",2022-04-09,27746.49,0,0,319399,4052.1,18842,247.7,0,0,101496,40939,0
"72",2022-04-10,28956.29,0,0,343220,3324.8,19562,250,0,0,107157,37550,0
"73",2022-04-11,45536.8,0,0,259768,3229.97,19183,250,0,0,109840,53749,0
"74",2022-04-12,27973.62,0,0,302908,3454.57,19036,250,0,0,104081,74591,0
"75",2022-04-13,31296.12,0,0,206137,2858.52,19656,250,0,0,120942,55381,0
"76",2022-04-14,24151.47,0,0,240705,3835.18,18601,250,0,0,112321,66855,0
"77",2022-04-15,19524.16,0,0,305279,4161.59,18157,250,0,0,118582,76902,0
"78",2022-04-16,27534.39,0,0,257591,4518.37,17858,250,0,0,122951,73185,0
"79",2022-04-17,16253.4,0,0,316115,4227.15,18951,250,0,0,124378,89149,0
"80",2022-04-18,28068.03,0,0,257995,4533.43,18958,250,0,0,131565,82012,0
"81",2022-04-19,28509.29,0,0,216452,3799.33,18262,250,0,0,121532,59005,0
"82",2022-04-20,22373.43,0,0,159731,3131.52,18783,250,0,0,83027,46156,0
"83",2022-04-21,22961.56,0,0,207018,2745.48,17898,250,0,0,88698,66193,0
"84",2022-04-22,38329.7,0,0,116236,2112.5,15256,250,0,0,80091,69148,0
"85",2022-04-23,27067.43,0,0,182497,2955.67,15945,250,0,0,78791,51375,0
"86",2022-04-24,33291.58,0,0,227432,3790.82,17261,250,0,0,66369,57828,0
"87",2022-04-25,41429.58,0,0,237318,3962.68,19099,250,0,0,90238,47471,0
"88",2022-04-26,46463.62,0,0,213229,3501.59,19321,250,0,0,88969,49011,0
"89",2022-04-27,42474.33,0,0,182142,3201.75,18832,250,0,0,87402,42955,0
"90",2022-04-28,24897.41,1700,28.55,163150,2712.94,17969,250,0,0,81379,47491,0
"91",2022-04-29,28143.19,13101,242.09,176194,3123.15,17297,250,0,0,82506,56680,0
"92",2022-04-30,29037.57,12873,304.49,225012,3588.1,16181,250,0,0,60315,45463,0
"93",2022-05-01,31568.91,15073,328.22,363039,5550.3,21453,250,0,0,65985,82934,0
"94",2022-05-02,44305.55,17351,321.08,260126,4743.72,21041,250,0,0,74717,76334,0
"95",2022-05-03,38543.7,20034,432.18,221025,3701.95,19112,250,0,0,72495,56524,0
"96",2022-05-04,31325.36,37412,726.56,199407,2684.42,17609,250,0,0,70353,68226,0
"97",2022-05-05,22695.69,37098,947.53,173931,2954.26,18809,250,0,0,83119,55140,0
"98",2022-05-06,24836.42,41197,1055.21,133490,2438.53,18225,250,0,0,80527,63400,0
"99",2022-05-07,21678.06,48677,969.15,192845,2893.49,17060,250,0,0,71388,56443,0
"100",2022-05-08,52809.08,91463,1386.76,218710,3192.44,17719,250,0,0,66049,75861,0
"101",2022-05-09,44587.41,105833,1887.02,201742,3418.19,18348,250,0,0,112008,79448,0
"102",2022-05-10,35111.61,108575,2060.11,193335,3306.49,18672,249.72,0,0,124012,77399,0
"103",2022-05-11,41321.17,112218,1995.19,184664,3495.99,21174,250,0,0,125415,70388,0
"104",2022-05-12,32174.68,114174,2129.26,199399,4002.58,21463,248.45,0,0,128047,78668,0
"105",2022-05-13,33490.66,115756,2244.4,202885,4408.64,16088,250,0,0,127718,72931,0
"106",2022-05-14,62869.37,120673,2221.38,289134,5389.58,16215,249.11,0,0,129051,77407,0
"107",2022-05-15,34990.87,125446,2423.22,352533,6657.57,19576,250,0,0,136335,87137,0
"108",2022-05-16,63219.25,98998,1873.23,270803,5997.71,19206,250,0,0,140491,57016,0
"109",2022-05-17,50132.13,84800,1670.14,245892,5872.17,21531,249.66,0,0,111668,55476,0
"110",2022-05-18,52422.78,64057,1026.04,245245,5278.07,19698,250,0,0,96882,53397,0
"111",2022-05-19,34973.58,59197,1501.41,203694,4371.7,17710,250,0,0,76591,47199,0
"112",2022-05-20,42014.92,77763,2178.94,191381,4152.07,16208,250,0,0,71668,42241,0
"113",2022-05-21,36086.49,81994,2412.67,221273,4812.47,15668,250,0,0,91824,35907,0
"114",2022-05-22,54720.16,94457,2730.41,271998,6034.84,13838,250,0,0,96442,52635,0
"115",2022-05-23,47286.2,116679,2824.58,248125,5574.68,13441,248.93,0,0,106876,44560,0
"116",2022-05-24,42801.65,142285,3361.71,182745,4302.68,14069,250,0,0,123210,49944,0
"117",2022-05-25,30995.8,159903,4203.71,164506,4364.13,14295,250,0,0,147851,80631,0
"118",2022-05-26,26964.54,83258,1592.61,140616,3362.84,9892,150,0,0,176847,41246,0
"119",2022-05-27,29050.7,58056,1292.06,140812,3597.07,8790,150,0,0,102468,35888,0
"120",2022-05-28,27393.37,62530,1357.56,171303,4073.75,9212,149.65,0,0,70794,44124,0
"121",2022-05-29,73845.82,61749,1373.25,240073,6063.33,10862,149.91,0,0,71573,131256,0
"122",2022-05-30,109424.62,73083,1626.11,360911,8104.93,9792,149.27,0,0,70559,118162,0
"123",2022-05-31,48011.61,84576,2023.79,238529,5122.18,7856,149.68,0,0,83093,71755,0
"124",2022-06-01,27201.26,74508,1705.91,320450,7017.95,6996,148.32,0,0,92948,48123,0
"125",2022-06-02,33610.76,78462,1649.46,237517,4689.19,3951,99.94,0,0,82213,37066,0
"126",2022-06-03,37452.21,74202,1734.5,167111,3697.75,2563,68.54,0,0,86167,43533,0
"127",2022-06-04,24965.75,77644,1795.04,171284,3737.69,2991,69.76,0,0,83265,41291,0
"128",2022-06-05,39520.04,86342,1734.22,256425,4984.1,2726,69.99,0,0,87183,59327,0
"129",2022-06-06,47226.9,80024,1419.29,225714,5067.47,3028,69.93,0,0,97723,54055,0
"130",2022-06-07,82829.6,83677,1378.73,208702,4328.6,2349,70,0,0,91055,47178,0
"131",2022-06-08,42284.96,80920,1363.36,219444,4532.44,2735,70,0,0,93558,36765,0
"132",2022-06-09,43456.74,87500,1582.79,199029,4231.6,2934,70,0,0,90370,46381,0
"133",2022-06-10,43494.36,85667,1569.81,194767,4272.57,2896,70,0,0,96108,42216,0
"134",2022-06-11,32162.08,90870,1619.68,231323,5015.32,2717,70,0,0,94271,31118,0
"135",2022-06-12,50250.64,125554,2139.29,289353,6409.33,2685,69.37,0,0,99816,70161,0
"136",2022-06-13,52760.05,144112,2683.95,364526,8360.97,2710,70,0,0,140223,100062,0
"137",2022-06-14,48154.29,134479,2755.81,350238,7723.41,2653,70,0,0,167993,90109,0
"138",2022-06-15,37685.33,120806,2668.33,286555,6536.16,7963,89.45,0,0,155649,76901,0
"139",2022-06-16,30446.43,105695,2335.03,225926,4890.43,9866,141.26,0,0,142103,52011,0
"140",2022-06-17,35135.42,105331,2194.75,420497,5308.97,18000,204.02,0,0,122664,55616,0
"141",2022-06-18,32999.99,105098,2191.66,287281,5070.44,15616,211.56,0,0,124955,118714,0
"142",2022-06-19,34473.95,108010,2081.62,239584,4891.15,13932,207.66,0,0,127620,85090,0
"143",2022-06-20,42785.04,113916,2472.78,171058,4682.14,21869,267.55,0,0,128194,92556,0
"144",2022-06-21,37441.57,126520,2478.68,272667,6075.3,25615,362.06,0,0,139767,77008,0
"145",2022-06-22,41800.95,107810,2245.87,235612,4839.7,31341,362.06,0,0,153783,66199,0
"146",2022-06-23,26742.66,72279,1285.87,266283,4999.73,21464,250,0,0,141867,58635,0
"147",2022-06-24,59962.13,118532,1999.82,335551,4501.14,20222,250,0,0,117479,79780,0
"148",2022-06-25,78577.36,182473,2783.6,339980,5182.86,22874,249.98,0,0,171523,119409,0
"149",2022-06-26,69181.82,153727,2746.5,365998,6382.61,21852,250,0,0,239626,113369,0
"150",2022-06-27,82337.21,127940,2356.33,371217,6664.87,35489,350,0,0,207552,87832,0
"151",2022-06-28,61504.02,134684,2515.3,311154,5863.98,35102,349.54,0,0,165673,104138,0
"152",2022-06-29,57712.04,173181,2719.62,331003,5857.25,35005,350,0,0,180913,135770,0
"153",2022-06-30,46744.04,210633,2936.64,392087,6303.71,26244,348.67,0,0,231088,141676,0
"154",2022-07-01,49010.45,170664,2430.39,342783,5564.08,41170,350,0,0,249665,114876,0
"155",2022-07-02,50449.14,170641,2546.68,356914,5996.73,37760,350,0,0,188672,102117,0
"156",2022-07-03,62685.16,178392,2750.98,404500,6649.24,39270,348.12,0,0,186726,96567,0
"157",2022-07-04,94715.47,197978,2960.04,431609,7907.12,46807,350,0,0,192330,139942,0
"158",2022-07-05,62225.4,157316,2898.76,416879,7799.95,44271,350,0,0,207389,144004,0
"159",2022-07-06,65892.27,98708,2767.13,398633,6831.77,49858,349.97,0,0,167763,104258,0
"160",2022-07-07,22200.37,50531,932.45,341215,6596.1,39685,350,0,0,108848,39823,0
"161",2022-07-08,24570.32,58393,881.9,292652,5314.57,37886,349.19,0,0,61350,53449,0
"162",2022-07-09,28831.51,63569,917.1,390865,6702.77,41724,350,0,0,68658,55540,0
"163",2022-07-10,41240.04,64357,941.61,468492,8685.23,42001,350,0,0,77322,56755,0
"164",2022-07-11,40498.7,62265,924.29,344584,6465.17,38671,349.99,0,0,76909,67796,0
"165",2022-07-12,34500.54,56553,889.5,269941,5220.76,39831,350,0,0,74755,60019,0
"166",2022-07-13,30368.49,60469,960.32,214824,3954.38,43914,344.58,0,0,70943,62388,0
"167",2022-07-14,35049.77,65494,1006.18,183474,3607.01,15547,98.49,0,0,76419,57187,0
"168",2022-07-15,33906.66,65471,1001.53,202591,4092.56,15396,96.89,0,0,89407,107345,0
"169",2022-07-16,48150.94,74442,1028.43,254093,4171.01,15785,98.4,0,0,103297,109738,0
"170",2022-07-17,36856.2,76420,1084.96,311482,5353.07,16010,100,0,0,118289,104480,0
"171",2022-07-18,63224.62,82280,1159.61,314214,5514.9,15524,100,0,0,119128,93357,0
"172",2022-07-19,29985.63,75147,1461.38,363281,5364.63,15800,97.34,0,0,117824,95320,0
"173",2022-07-20,46641.61,88960,1688.5,342160,5600.33,13950,95.24,0,0,113406,103000,0
"174",2022-07-21,30917.38,108347,2066.1,312638,5031.08,16106,97,0,0,125241,116028,0
"175",2022-07-22,20260.11,118603,2218.47,273575,4524.28,14498,98.06,0,0,141962,128248,0
"176",2022-07-23,27209.02,115315,2247.34,334588,5119.85,15752,99.59,0,0,152911,127664,0
"177",2022-07-24,34740.55,122172,2238.64,398034,5955.92,15833,99.4,0,0,154313,127881,0
"178",2022-07-25,46930.99,149278,2230.98,291625,4904.17,15532,100,0,0,159750,145691,0
"179",2022-07-26,33673.06,132923,1968.19,265351,4445.44,19373,97.83,0,0,187907,145057,0
"180",2022-07-27,30723.94,105161,1678.25,246872,4127.92,16183,100,0,0,174591,118626,0
"181",2022-07-28,35018.24,89565,1502.68,237321,3867.07,26114,200,0,0,144347,93970,0
"182",2022-07-29,34740.7,89730,1524.88,210219,3564.89,26999,200,0,0,123033,92731,0
"183",2022-07-30,25569.37,97048,1583.11,228046,3575.76,28075,199.9,0,0,124951,100165,0
"184",2022-07-31,29296.16,98427,1566.92,244719,4375.88,28915,200,0,0,135191,97878,0
"185",2022-08-01,39713.67,85700,1387.52,196504,3918.71,43196,300,0,0,135487,89353,0
"186",2022-08-02,30236.92,72943,1361.92,184687,3613.48,38859,300,0,0,116570,82288,0
"187",2022-08-03,26955.03,76147,1416.21,184036,3161.21,38763,300,0,0,103237,81969,0
"188",2022-08-04,28516.23,76371,1466.46,148329,3066.64,35500,300,0,0,104401,87706,0
"189",2022-08-05,14208.93,77293,1454.11,130768,2243.79,34829,300,0,0,105067,97366,0
"190",2022-08-06,15140.64,78702,1478.38,164301,3268.71,32823,300,0,0,107223,121810,0
"191",2022-08-07,108798.64,91527,1555.37,179767,3460.24,40511,297.36,0,0,132124,138167,0
"192",2022-08-08,67933.19,111355,1628.05,169883,3073.83,42387,300,0,0,170282,125414,0
"193",2022-08-09,42219.86,126252,1873.14,146634,2712.78,38033,300,0,0,180433,157348,0
"194",2022-08-10,20004.5,124869,1868.76,152231,2586.93,36838,300,0,0,205089,152054,0
"195",2022-08-11,20898.55,130021,2245.8,148950,2853.74,35890,300,0,0,201314,182164,0
"196",2022-08-12,21024.63,126428,2377.12,161779,2695.24,30656,330,0,0,214133,186342,0
"197",2022-08-13,21121.43,137165,2388.89,184778,3187.53,32079,330,0,0,210815,196029,0
"198",2022-08-14,16463.11,144479,2433.52,185428,3272.95,34614,330,0,0,232554,217245,0
"199",2022-08-15,37753.39,124731,2293.99,150718,2937.52,33171,330,0,0,230280,232783,0
"200",2022-08-16,22848.47,159749,2431.88,107170,2371.56,32103,330,0,0,193395,227213,0
"201",2022-08-17,28556.67,155712,2229.44,97874,2006.89,32617,330,0,0,226504,201983,0
"202",2022-08-18,36324.26,159482,2368.23,91052,1895.27,33952,328.21,0,0,250651,199656,0
"203",2022-08-19,11080.9,148042,2335.66,93153,1836.03,33028,329.61,0,0,276490,211647,0
"204",2022-08-20,14069.13,148340,2444.57,122988,2110.24,34771,329.26,0,0,278327,207571,0
"205",2022-08-21,33984.85,154365,2459.59,120243,2280.23,32104,329.2,0,0,296586,182879,0
"206",2022-08-22,74368.75,252835,4845.15,134809,2999.22,32700,329.87,0,0,267001,259236,0
"207",2022-08-23,38294.15,166190,3084.49,181977,3536.64,33086,330,0,0,321957,200161,0
"208",2022-08-24,36030.12,175859,3005.61,148040,2908.13,32791,330,0,0,232151,222594,0
"209",2022-08-25,48973.75,174688,3076.11,196828,3743.93,36161,326.89,0,0,242010,233494,0
"210",2022-08-26,40196.1,194288,2995.28,342748,5590.68,30366,330,0,0,248274,485328,0
"211",2022-08-27,29877.72,168265,3135.47,365207,5631.81,31839,325,0,0,271334,438682,0
"212",2022-08-28,56311.13,171057,3111.58,354540,6327.01,33192,325.29,0,0,240508,454428,0
"213",2022-08-29,61541.95,168177,3143.79,331253,5957.94,36881,330,0,0,244597,415893,0
"214",2022-08-30,33779.84,162675,3054.81,117879,2305.07,31301,330,0,0,234148,214342,0
"215",2022-08-31,45854.36,161150,2982.32,198812,4367.89,36074,329.28,0,0,205329,203132,0
"216",2022-09-01,23240.56,138780,2815.56,297768,5062.98,35227,330,0,0,179726,174550,0
"217",2022-09-02,42114.43,139728,2636.55,281585,4862.53,6958,88.42,0,0,159830,187446,0
"218",2022-09-03,51889.23,128230,2741.53,405961,6663.88,9805,88.81,0,0,158506,162744,0
"219",2022-09-04,58538.56,107580,2338.23,447936,7806.93,10522,89.24,0,0,149074,138317,0
"220",2022-09-05,118274.65,86646,1769.89,457778,9460.65,12723,88.24,0,0,131306,123702,0
"221",2022-09-06,39484.68,108533,1959.39,185800,3629.11,11719,87.14,0,0,113886,139211,0
"222",2022-09-07,28158.89,89427,1570.45,245645,4015.59,6933,69.93,0,0,136553,123497,0
"223",2022-09-08,14965.95,80516,1451.59,234596,3878.76,4511,58.86,0,0,115947,101281,0
"224",2022-09-09,16501.65,87331,1452.65,220287,3577.73,3899,59.11,0,0,106395,102251,0
"225",2022-09-10,20795.17,76627,1474.37,224334,3477.84,4030,59.38,0,0,112402,96501,0
"226",2022-09-11,19661.77,69248,1388.29,275392,4522.61,4600,58.84,0,0,103195,103603,0
"227",2022-09-12,34407.09,60360,1221.72,178462,2941.34,3639,39.98,0,0,97020,100874,0
"228",2022-09-13,20660.46,57456,1145.63,126845,2050.45,4009,40.4,0,0,85893,88606,0
"229",2022-09-14,43147.42,72162,1610.52,84236,1478.12,7158,65,0,0,82746,107904,0
"230",2022-09-15,11834.79,24927,458.41,73536,1372.98,7523,64.86,0,0,96325,98167,3465
"231",2022-09-16,13279.07,29737,536.27,77002,1225.78,6545,65,0,0,62059,146288,3390
"232",2022-09-17,5048.36,29582,532.76,81570,1323.33,6556,64.59,0,0,74602,147391,3614
"233",2022-09-18,10569.21,32615,530.66,89793,1415.97,6097,64.99,0,0,97683,154285,3202
"234",2022-09-19,13022.35,22945,430.75,74561,1394.65,8881,100,0,0,119148,138789,3325
"235",2022-09-20,14190.72,20338,407.37,65571,1322.24,11053,99.92,0,0,109549,124481,3334
"236",2022-09-21,14979.12,16686,397.48,57796,1270.62,9191,100,0,0,96174,115398,3099
"237",2022-09-22,4996.46,22086,451.37,61359,1053.75,8657,98.23,0,0,95817,134221,2918
"238",2022-09-23,6215.87,29790,603.86,51327,893.86,8445,98.75,0,0,117160,140165,2883
"239",2022-09-24,6841.24,32669,645.71,57005,1016.22,10042,99.89,0,0,123219,163857,2928
"240",2022-09-25,3874.88,35913,658.67,67129,1038.84,10479,100,0,0,131634,179255,2629
"241",2022-09-26,7091.7,32753,629.51,55592,1078.58,13872,130,0,0,149393,145340,2883
"242",2022-09-27,10714.35,36011,636.87,49668,867.31,12194,130,0,0,123688,121711,2658
"243",2022-09-28,6823.03,33141,626.12,45879,995.16,10344,130,0,0,101794,113573,2564
"244",2022-09-29,7395.46,22483,536.29,43751,1076.87,10157,129.08,0,0,90954,62608,2653
"245",2022-09-30,14609.46,32966,708.07,44336,705.37,12113,127.99,0,0,50146,60638,2855
"246",2022-10-01,5055.97,39119,721.41,49821,865.39,13227,129.96,0,0,55203,63457,3512
"247",2022-10-02,10139.43,39621,755.63,61414,982.84,13091,124.66,0,0,64399,73649,3575
"248",2022-10-03,4298.92,35699,668.23,53501,824.2,12010,129.55,0,0,65962,59982,3402
"249",2022-10-04,12164.5,23663,486.99,55112,1007.96,3057,35.02,0,0,60679,60649,3132
"250",2022-10-05,24059.27,18422,484.36,48136,986.22,2930,35,0,0,48431,51400,3155
"251",2022-10-06,13087.61,21012,467.5,38725,955.65,2,0.01,0,0,41201,45784,2854
"252",2022-10-07,8129.05,25942,514.1,44925,901.56,0,0,0,0,43106,100225,3104
"253",2022-10-08,5029.52,30655,543.17,50518,949.07,0,0,0,0,52240,78613,3150
"254",2022-10-09,5044.1,25840,506.73,51544,994.95,0,0,0,0,60216,53737,3327
"255",2022-10-10,14258.08,30379,579.23,52912,1075.55,0,0,0,0,51109,54424,3255
"256",2022-10-11,6970.84,26383,530.09,59578,1319.8,0,0,0,0,51124,44131,3294
"257",2022-10-12,7718.61,26230,509.13,57562,1050.32,0,0,0,0,42262,41264,2949
"258",2022-10-13,10602.11,22649,464.21,63950,1072.61,0,0,0,0,42442,41387,3062
"259",2022-10-14,4435.49,23361,519.95,56623,1022.51,0,0,0,0,40823,52920,2938
"260",2022-10-15,4835.57,25561,531.03,53991,766.43,0,0,0,0,39089,43532,2788
"261",2022-10-16,10624.03,34729,698.39,61073,890.29,0,0,0,0,45117,49148,3062
"262",2022-10-17,12194.45,26594,608.74,63734,1174.21,0,0,0,0,50902,59625,2947
"263",2022-10-18,8665.33,28090,650.07,59773,900.51,0,0,0,0,43411,55240,2727
"264",2022-10-19,2647.04,24549,524.07,59995,1012.43,0,0,0,0,47051,50612,2720
"265",2022-10-20,10983.45,25268,515.48,49808,946.51,0,0,0,0,24068,56567,2837
"266",2022-10-21,11917.24,20337,446.83,48217,861.33,0,0,0,0,6752,54354,2742
"267",2022-10-22,5493.42,22736,455.08,47196,750.31,0,0,0,0,5865,57776,2816
"268",2022-10-23,10791.45,37292,832.33,64049,912.35,0,0,0,0,6198,71437,2797
"269",2022-10-24,9949.04,29767,578.88,69670,1156.37,0,0,0,0,9026,60053,3113
"270",2022-10-25,4149.59,30509,507.7,63825,863.2,0,0,0,0,8330,59278,3192
"271",2022-10-26,6131.13,20343,402.44,54910,1325.9,0,0,0,0,7564,50339,3254
"272",2022-10-27,7442.86,20136,377.39,51002,1033.89,0,0,0,0,8179,49862,2854
"273",2022-10-28,18244.53,21601,372.2,45395,729.76,0,0,0,0,8205,49293,2971
"274",2022-10-29,5126.4,30802,494.21,43493,779.19,0,0,0,0,9745,63502,2786
"275",2022-10-30,4209.27,35398,506.97,49422,733.03,0,0,0,0,7877,76155,2916
"276",2022-10-31,12683.22,56309,925.75,41299,655.41,0,0,0,0,9272,80169,2685
"277",2022-11-01,7462.91,49185,944.13,45545,847.13,0,0,0,0,26243,78726,3479
"278",2022-11-02,7616.69,45158,909.47,50042,1057.17,0,0,0,0,25680,83711,3517
"279",2022-11-03,7650.98,43375,883.03,54727,1092.5,0,0,0,0,32129,87175,3292
"280",2022-11-04,6437.9,43377,892.12,64839,1059.63,0,0,0,0,35701,85432,3219
"281",2022-11-05,6613.44,46831,917.78,74266,1185.65,0,0,0,0,37348,107674,3459
"282",2022-11-06,8943.54,42859,877.72,91861,1316.83,0,0,0,0,46093,127343,3566
"283",2022-11-07,11358.3,41383,902.33,96479,1547.78,0,0,0,0,50110,96269,3257
"284",2022-11-08,11095.42,44106,967.95,120218,1695.3,0,0,0,0,49498,89909,2957
"285",2022-11-09,8372.73,45583,991.76,104206,1918.27,0,0,0,0,51163,85457,2721
"286",2022-11-10,6929.33,41978,1070.9,92169,1453.34,0,0,0,0,51270,68489,2643
"287",2022-11-11,28713,40271,1116.62,93618,1704.33,0,0,0,0,51083,64739,2917
"288",2022-11-12,12007.06,43355,1134,101092,1703.78,0,0,0,0,59194,81953,2677
"289",2022-11-13,9631.4,48137,1227.1,139154,2045.78,0,0,0,0,57780,82514,2787
"290",2022-11-14,8757.52,48997,1260.09,109069,1913.5,0,0,0,0,57607,69387,2823
"291",2022-11-15,12706.48,52820,1219.37,85552,1339.3,0,0,0,0,61627,75491,2795
"292",2022-11-16,7283.14,49998,1186.08,72046,1336.25,0,0,0,0,53595,80151,2677
"293",2022-11-17,4728.96,45341,1186.47,69680,1129.06,0,0,0,0,56135,74903,2628
"294",2022-11-18,10603.3,39676,1171.53,63574,1265.56,0,0,0,0,60011,68207,2587
"295",2022-11-19,11230.81,39483,1246.2,68070,1195.71,0,0,0,0,58990,90933,2864
"296",2022-11-20,32479.19,59099,2018.31,75342,1573.69,0,0,0,0,84800,141742,2597
"297",2022-11-21,22233.45,66139,2273.26,103688,2271.49,0,0,0,0,110017,133494,2698
"298",2022-11-22,19578.18,67389,2206.1,99973,2112.95,0,0,0,0,93539,143721,2696
"299",2022-11-23,19065.95,61639,2159.65,90613,2203.75,0,0,0,0,89957,128962,2519
"300",2022-11-24,17019.19,55161,2157.87,84928,1943.07,0,0,0,0,78629,129738,2387
"301",2022-11-25,52248.3,50473,2607.75,139282,4160.63,0,0,0,0,68044,118346,3387
"302",2022-11-26,26943.68,65355,2689.17,164198,4795.42,0,0,0,0,64764,140325,3363
"303",2022-11-27,28747.41,71358,2869.66,209870,5230.28,0,0,0,0,83668,130839,3194
"304",2022-11-28,58685.79,50403,2760.46,215729,6671.27,0,0,0,0,76311,113754,3360
"305",2022-11-29,33851.9,65107,2687.15,148007,3188.42,0,0,0,0,74820,138010,2989
"306",2022-11-30,28705.75,82446,2585.12,172986,3848.8,0,0,0,0,92280,164927,2945
"307",2022-12-01,11205.66,37596,1165.89,179227,3457,0,0,0,0,127313,125880,3514
"308",2022-12-02,5912.64,18134,560.77,139947,2694.51,0,0,0,0,90710,56341,3469
"309",2022-12-03,6723.28,17836,569.01,169029,2825.01,0,0,0,0,40753,54269,3431
"310",2022-12-04,6709.32,20329,587.65,162208,2921.51,0,0,0,0,35471,53338,3342
"311",2022-12-05,11926.74,19524,566.6,173571,2999.76,0,0,0,0,42539,48739,3126
"312",2022-12-06,8706.35,20911,559.21,154846,2758.91,0,0,0,0,45011,55018,2846
"313",2022-12-07,6653.42,18403,542.5,70588,1168.84,0,0,0,0,43046,44042,3067
"314",2022-12-08,50184.36,17305,511.79,52103,1311.71,0,0,0,0,39866,41039,3008
"315",2022-12-09,54674.79,22344,579.01,58783,1277.36,0,0,0,0,33703,55923,3104
"316",2022-12-10,29946.97,29980,676.17,71057,1446.6,0,0,0,0,36423,69219,3610
"317",2022-12-11,25817.9,39790,821.91,103417,2095.27,0,0,0,0,36234,96883,3368
"318",2022-12-12,45504.33,39982,796.65,120132,2590.49,0,0,0,0,34333,83598,3908
"319",2022-12-13,29825.07,42444,947.62,149365,3167.34,0,0,0,0,29031,92670,3764
"320",2022-12-14,25806.72,44241,926.92,174106,3606.35,0,0,0,0,30399,82187,3297
"321",2022-12-15,52336.65,43345,943.19,222182,4431.25,0,0,0,0,33162,72482,3190
"322",2022-12-16,24100.04,27553,638.74,204923,3912.23,0,0,0,0,35645,56847,3365
"323",2022-12-17,10995.33,12023,353.11,194592,3393.49,0,0,0,0,40624,38823,3158
"324",2022-12-18,14747.72,13668,393.88,196009,3187.98,0,0,0,0,32456,46590,3342
"325",2022-12-19,16101.87,59939,1037.01,160395,2618.15,0,0,0,0,32121,98861,3368
"326",2022-12-20,18061.52,51186,1036.04,117827,1750.38,0,0,0,0,40258,84139,3033
"327",2022-12-21,14797.89,60599,1022.26,94057,1298.47,0,0,0,0,42533,94268,2770
"328",2022-12-22,14014.54,53917,1029.51,97156,1356.98,0,0,0,0,46561,93248,2806
"329",2022-12-23,15318.39,57426,1014.46,86027,1286.98,0,0,0,0,51954,102614,3111
"330",2022-12-24,12213.71,66671,1042.1,68898,1001.68,0,0,0,0,66008,108253,2436
"331",2022-12-25,11568.85,67400,1008.12,90543,1077.04,0,0,0,0,65540,118359,2435
"332",2022-12-26,10875.03,63613,961.69,139400,1634.94,0,0,0,0,37179,130748,2733
"333",2022-12-27,15642.75,61489,904.37,144215,1805.94,0,0,0,0,41216,136584,2691
"334",2022-12-28,14729.94,55336,925.25,129114,1705.6,0,0,0,0,44184,125185,2587
"335",2022-12-29,14793.74,51999,906.45,127004,1602.69,0,0,0,0,45524,122108,2733
"336",2022-12-30,14300,52426,921.3,102927,1268.4,0,0,0,0,51429,118932,2706
"337",2022-12-31,12413.13,59858,966.82,95741,1056.38,0,0,0,0,48871,151656,2615
"338",2023-01-01,10790.56,79007,982.04,122234,1569.37,0,0,0,0,62054,184673,2771
"339",2023-01-02,14400.03,66625,959.21,156675,2260.23,0,0,0,0,53922,163060,3226
"340",2023-01-03,21397,50036,903.78,154452,2146.56,0,0,0,0,58526,152976,3740
"341",2023-01-04,19942.52,47686,927.67,155075,2066.84,0,0,0,0,59520,63984,3871
"342",2023-01-05,15926.89,51796,924.82,147577,1874.41,0,0,0,0,40343,101633,3345
"343",2023-01-06,12425.09,57461,936.93,123782,1683.33,0,0,0,0,48381,98222,3244
"344",2023-01-07,11032.12,55004,959.55,135634,1536.18,0,0,0,0,44287,79664,3249
"345",2023-01-08,15832.39,55152,959.43,151553,2033.35,0,0,0,0,48834,79616,3367
"346",2023-01-09,19935.36,55333,956.46,138899,1953.74,0,0,0,0,40359,102295,3456
"347",2023-01-10,15607.41,53583,923.83,120545,1707.17,0,0,0,0,45196,98295,4161
"348",2023-01-11,22512.63,49747,920.82,101443,1303.56,0,0,0,0,37231,79804,3955
"349",2023-01-12,16279.35,52378,918.78,105959,1532.52,0,0,0,0,38656,71998,4139
"350",2023-01-13,25015.37,53376,966.69,111103,1315.74,0,0,0,0,38949,85829,4167
"351",2023-01-14,8958.97,57039,1181.02,140224,1561.73,0,0,0,0,43622,87296,4254
"352",2023-01-15,16205.8,58036,1191.4,182738,2215.21,0,0,0,0,38936,142762,4613
"353",2023-01-16,15027.48,57085,1155.37,190211,2309.96,0,0,0,0,39615,138368,4405
"354",2023-01-17,12136.74,63671,1136.89,176916,2203.53,0,0,0,0,42877,123395,4024
"355",2023-01-18,18315.3,61995,1097.93,156143,2147.2,0,0,0,0,52625,103444,3983
"356",2023-01-19,10031.91,63334,1093.29,135683,1615.24,0,0,0,0,47327,97800,4184
"357",2023-01-20,10130.16,64473,1142.8,122681,1767.75,0,0,0,0,48515,86201,4273
"358",2023-01-21,7065.87,69448,1176.32,129101,1638.24,0,0,0,0,44524,83846,4555
"359",2023-01-22,13606.85,71115,1195.14,144652,1787.49,0,0,0,0,46151,88908,4421
"360",2023-01-23,11619.91,67625,1161.27,120996,1510.55,0,0,0,0,45248,94227,4687
"361",2023-01-24,9165.43,65768,1134.1,109262,1429.97,0,0,0,0,48729,81825,4869
"362",2023-01-25,13657.41,61777,1124.05,114542,1710.58,0,0,0,0,47039,81432,4498
"363",2023-01-26,16425.82,68642,1093.81,100790,1355.94,0,0,0,0,46330,85009,4218
"364",2023-01-27,14533.95,63877,1104.99,95191,1165.65,0,0,0,0,49016,99538,4223
"365",2023-01-28,7443.38,68753,1180.64,103768,1128.34,0,0,0,0,49528,89164,4500
"366",2023-01-29,12860.13,70322,1217.79,123144,1535.48,0,0,0,0,56068,87774,4861
"367",2023-01-30,12922.65,70870,1156.48,115056,1545.71,0,0,0,0,52988,82475,4755
"368",2023-01-31,16505.07,65697,1133.75,116614,1687.54,0,0,0,0,55193,71491,4487
"369",2023-02-01,26998.42,68913,1088.33,127498,1788.95,0,0,0,0,55169,72086,5099
"370",2023-02-02,12032.51,63728,1073.4,125000,1872.82,0,0,0,0,56287,72055,5782
"371",2023-02-03,13125.21,71666,1136.84,110958,1510.71,0,0,0,0,50215,83815,4881
"372",2023-02-04,17101.42,71330,1187.34,130757,1590.93,0,0,0,0,51387,81198,5273
"373",2023-02-05,15355.06,68623,1182.21,150282,2011.86,0,0,0,0,58977,100114,5683
"374",2023-02-06,19321.25,70943,1140.53,153194,1956.91,0,0,0,0,54303,90727,5398
"375",2023-02-07,16285.98,74228,1142.23,159521,2234.77,0,0,0,0,52510,90541,5194
"376",2023-02-08,13696.98,68168,1087.27,144348,2124.66,0,0,0,0,51573,69450,5234
"377",2023-02-09,10278.31,67579,1126.2,118880,1646.41,0,0,0,0,59898,81856,4774
"378",2023-02-10,14565.95,63891,1132.95,110070,1650.39,4509,24.07,0,0,44738,80900,4964
"379",2023-02-11,14747.79,63993,1182.58,113804,1592.23,33493,110,0,0,47894,87341,4877
"380",2023-02-12,9183.73,64155,1117.59,130982,1752.38,24583,110,0,0,48474,90959,4991
"381",2023-02-13,11877.92,62682,1081.94,108671,1737.13,26627,109.86,0,0,52835,81406,5465
"382",2023-02-14,11330.77,65468,1075.63,89117,1485.96,25556,110,0,0,55469,94190,4743
"383",2023-02-15,9893.17,63673,1027.58,102506,1596.93,29381,110,0,0,54249,88479,4856
"384",2023-02-16,27398.38,66724,1223.6,107586,1803.22,30566,110,0,0,51916,103774,4900
"385",2023-02-17,18309.98,75855,1211.16,111800,1785.09,28078,110,0,0,44050,109434,4681
"386",2023-02-18,18530.06,95917,1326.72,126800,1807.48,25250,110,0,0,40513,113871,5072
"387",2023-02-19,24646.27,101058,1496.27,150715,2058.14,26841,110,0,0,55675,118125,5493
"388",2023-02-20,48216.86,118250,1628.8,149379,2277.13,41416,110,0,0,62652,122178,5557
"389",2023-02-21,21963.17,119229,1758.19,161971,2701.08,25531,110,0,0,61902,103582,4940
"390",2023-02-22,21533.02,107419,1634.84,162242,2455.61,20802,110,0,0,75404,101011,5243
"391",2023-02-23,14856.25,73508,1136.88,190169,2673.38,17790,110,0,0,71875,76472,5011
"392",2023-02-24,17055.44,71934,1161.01,175678,2156.28,20023,110,0,0,54994,88067,4998
"393",2023-02-25,13036.25,80338,1232,186184,2496.74,24422,110,0,0,61015,87495,4757
"394",2023-02-26,20001.9,77808,1198.16,198059,2669.2,29670,110,0,0,66144,86349,4799
"395",2023-02-27,14591.17,80079,1392.05,170792,2180.99,30654,112.18,0,0,62299,104481,4880
"396",2023-02-28,17300.52,99539,1602.05,168949,2562.44,38352,120,0,0,57183,107374,4064
"397",2023-03-01,14450.18,133116,2015.02,161436,2306.58,33800,188.42,0,0,60347,139542,4279
"398",2023-03-02,17732.13,143573,2139.93,145034,2149.93,29476,277,0,0,64184,130805,5495
"399",2023-03-03,27716.59,146969,2212.9,125116,2114.46,28720,277,0,0,80064,112841,5225
"400",2023-03-04,27150.41,163772,2362.32,165562,2333.93,29085,277,0,0,106689,134710,5813
"401",2023-03-05,16420.77,144394,2303.66,175456,2878.97,28214,277,0,0,94119,148025,6428
"402",2023-03-06,33213.25,145474,2254.88,199424,2434.42,28917,277,0,0,77018,147706,5889
"403",2023-03-07,17441.94,135141,2225.27,165134,2387.34,27950,277,0,0,76504,137639,6084
"404",2023-03-08,26576.23,120592,2106.65,133127,1930.35,28055,277,0,0,63271,116358,8763
"405",2023-03-09,18572.97,111285,2114.99,181539,2357.53,30442,276.68,0,0,65294,117729,11689
"406",2023-03-10,20402.99,117055,2216.31,156321,1977.82,31913,276.26,0,0,57179,124923,11635
"407",2023-03-11,23645.55,143167,2442.56,165691,2119.33,37466,275.61,0,0,59432,143464,13478
"408",2023-03-12,24534.06,149046,2418.38,181174,2758.69,37447,275.75,0,0,70275,143809,14696
"409",2023-03-13,20921.04,150796,2355.52,153032,2710.68,36776,274.53,0,0,77781,137563,12673
"410",2023-03-14,21236,140976,2334.78,176225,2880.07,36422,275.53,0,0,82507,164115,12006
"411",2023-03-15,23018.87,133655,2268.86,150044,3044.37,34488,277,0,0,57536,154036,11330
"412",2023-03-16,27495.05,131396,2322.9,137246,2665.58,32067,276.26,0,0,57908,145251,11525
"413",2023-03-17,20939.83,128351,2265.41,151213,2222.37,31271,274.9,0,0,62362,138194,10928
"414",2023-03-18,19810.87,129053,2470.09,198531,2715.94,30378,275.95,0,0,68366,146502,13646
"415",2023-03-19,20355.04,134779,2475.85,218579,2763.69,31315,276.88,0,0,70017,140392,15670
"416",2023-03-20,20900.93,132421,2301.42,163457,2922.64,31791,276.67,0,0,74281,142441,13725
"417",2023-03-21,21314.1,125891,2275.91,162594,2630.44,31670,276.75,0,0,69911,128782,14057
"418",2023-03-22,30508.6,146973,2344.93,142238,2234.6,30417,277,0,0,74746,119249,14145
"419",2023-03-23,27001.42,122754,2285.66,143307,2411.84,31786,277,0,0,114682,150437,15184
"420",2023-03-24,22137.54,121511,2315.43,146215,2448.59,27216,277,0,0,78895,146449,15731
"421",2023-03-25,18672.84,134559,2536.67,200038,3064.2,27157,277,0,0,76452,135101,17297
"422",2023-03-26,30283.6,128021,2480.85,257716,3856.58,33014,277,0,0,105898,137887,18424
"423",2023-03-27,32789.14,126929,2323.33,197448,3651.93,35115,277,0,0,104275,146418,15099
"424",2023-03-28,18698.43,96122,2311.95,204280,3412.72,38626,277,0,0,98969,123026,13944
"425",2023-03-29,23645.59,91814,2208.07,176995,2748.77,44756,277,0,0,71526,118081,13286
"426",2023-03-30,15719.8,97903,2228.86,168297,2568.93,40889,277,0,0,67208,115367,12989
"427",2023-03-31,24163.67,94549,2296.04,153258,2373.71,41169,277,0,0,78264,97842,12367
"428",2023-04-01,24033.9,105564,2437.06,167904,2444.1,47442,277,0,0,77108,114882,15778
"429",2023-04-02,27456.81,91688,2302.37,176146,3029.61,40476,277,0,0,78199,144711,17838
"430",2023-04-03,35497.47,86359,2262.37,158892,2622.71,40051,277,0,0,68780,119844,14816
"431",2023-04-04,23002.37,94646,2142.45,153922,3179.98,44352,277,0,0,69086,114967,13643
"432",2023-04-05,25544.96,96854,2126.31,147650,3041.11,44293,277,0,0,73734,130118,13731
"433",2023-04-06,16287.15,99179,2159.94,148525,2600.81,49784,277,0,0,81470,119311,13031
"434",2023-04-07,24870.32,101251,2196.91,154544,2363.56,40605,277,0,0,89564,127608,13405
"435",2023-04-08,13098.4,103863,2370.62,189819,3174.8,39617,277,0,0,82929,129544,15848
"436",2023-04-09,28959.19,105353,2264.84,178567,2569.22,37417,277,0,0,78705,141334,14563
"437",2023-04-10,26533.56,114316,2258.58,191461,3654.17,43383,277,0,0,90124,138780,14514
"438",2023-04-11,27511.41,102753,2147.41,186266,3448.38,34794,277,0,0,92047,125735,14943
"439",2023-04-12,27175.32,101265,2139.32,163265,2661.98,35668,277,0,0,80051,117516,15504
"440",2023-04-13,24758.8,93876,2210.16,194855,3145.42,24969,277,0,0,80090,113819,17255
"441",2023-04-14,25132,96928,2171.96,188420,2908.34,37284,277,0,0,74841,119322,17258
"442",2023-04-15,25994.5,113566,2368.7,200488,3023.62,43947,277,0,0,77861,142203,18925
"443",2023-04-16,18515.48,102708,2355.27,244564,3765.8,44829,277,0,0,86011,123459,19039
"444",2023-04-17,42675.66,94030,2184.95,191475,3229.92,41577,277,0,0,82215,121832,14582
"445",2023-04-18,25337.59,96263,2176.99,210965,3758.87,28968,277,0,0,70133,111231,14050
"446",2023-04-19,25094.32,87337,1950.85,206747,4080.34,32723,276.9,0,0,76141,97148,15221
"447",2023-04-20,43721.37,103117,2222.27,224562,3796.72,34962,276.05,0,0,68624,106596,15755
"448",2023-04-21,24735.12,93549,2298.46,257628,4463.15,36222,276.11,0,0,78010,118132,15916
"449",2023-04-22,32811.84,96245,2432.44,329271,4986.58,40154,277,0,0,75917,136318,18208
"450",2023-04-23,38440.71,107268,2440.48,376456,5420.68,35453,277,0,0,63550,96087,19813
"451",2023-04-24,36708.23,104012,2161.59,264049,4591.27,27316,277,0,0,68640,130817,14688
"452",2023-04-25,22617.49,105392,2200.81,232760,3724.17,28313,277,0,0,73748,120850,14477
"453",2023-04-26,36089.92,104526,2179.4,204361,3419.69,28728,277,0,0,75165,120719,13827
"454",2023-04-27,36629.44,102203,2096.99,158377,2966.28,22525,277,0,0,70870,104399,14563
"455",2023-04-28,45435.41,101093,2135.69,198584,3548.61,29044,277,0,0,79806,117295,14942
"456",2023-04-29,35271.44,111203,2346.04,295631,4049.02,34365,277,0,0,82442,119158,18398
"457",2023-04-30,29282.74,109975,2266.62,314041,4858.77,40581,277,0,0,89977,118104,18612
"458",2023-05-01,31120.84,184825,2322.8,294052,4387.04,41481,277,0,0,94041,185616,16173
"459",2023-05-02,20917.52,169871,2262.15,258377,4506.84,32600,277,0,0,114996,142177,15974
"460",2023-05-03,50939.88,134484,1962.15,239038,3615.55,28883,277,0,0,121565,115064,15896
"461",2023-05-04,50102.51,241079,3020.26,203495,3316.07,18397,146.13,0,0,94641,162847,16578
"462",2023-05-05,38510.5,208391,3143.19,201734,3465.91,18316,146.01,0,0,116468,139168,16296
"463",2023-05-06,38577.81,155761,3307.33,264960,4666.61,18148,146,0,0,109677,119774,19346
"464",2023-05-07,53510.11,145295,3085.74,407029,7430.35,19579,146,0,0,80751,143303,23938
"465",2023-05-08,89595.36,131147,2955.63,359358,7468.86,18933,146,0,0,71901,112164,19270
"466",2023-05-09,54143.08,137744,2888.24,294662,6365.31,20788,145.83,0,0,71061,110616,18640
"467",2023-05-10,48343.92,115462,2554.89,291170,4996.35,18510,146,0,0,66969,107147,18919
"468",2023-05-11,52413.26,120899,2513.44,264819,4784.88,16754,146,0,0,51568,104017,19437
"469",2023-05-12,52153.37,116877,2524.64,264299,4955.62,17354,145.67,0,0,54859,95152,21483
"470",2023-05-13,35272.66,123181,2676.15,337864,5711.21,17477,146,0,0,61595,97797,26087
"471",2023-05-14,46311,135991,2674.01,382384,6017.81,17200,146,0,0,68052,104561,25911
"472",2023-05-15,57921.1,129902,2581.76,289341,5269.36,17688,146,0,0,70209,113421,20933
"473",2023-05-16,52460.02,117079,2511.65,209887,4018.45,17041,146,0,0,69151,96192,20432
"474",2023-05-17,37520.34,113669,2438.84,163364,3637.26,17411,146,0,0,63793,99117,19741
"475",2023-05-18,56295.09,112149,2474.23,148291,2968.36,11385,146,0,0,61691,104556,19872
"476",2023-05-19,44604.62,103424,2160.45,171820,2936.95,10629,146,0,0,61105,106057,19370
"477",2023-05-20,53299.89,134281,2917.19,220874,3245.64,11391,146,0,0,62122,121619,22449
"478",2023-05-21,61047.84,119869,2453.9,313018,5724.42,12710,146,0,0,77903,101661,26102
"479",2023-05-22,103716.23,123475,2495.28,296397,6307.78,13369,146,0,0,72330,107087,22441
"480",2023-05-23,67961.39,131252,2583.1,305439,6256.63,14842,146,0,0,66230,109411,20928
"481",2023-05-24,60781.95,131862,2522.55,344191,6861.79,11530,146,0,0,64557,109490,19965
"482",2023-05-25,49019.38,115020,2520.8,279153,5594.45,10455,146,0,0,67533,96897,21053
"483",2023-05-26,77532.99,121090,2696.69,246009,5215.42,12215,146,0,0,58661,107919,25558
"484",2023-05-27,46081,106286,2486.67,267133,5162.38,13292,146,0,0,59214,101510,32428
"485",2023-05-28,67197.42,116487,2617.63,305668,6612.57,14185,146,0,0,51600,116099,37570
"486",2023-05-29,97101.61,120535,2653.98,351423,7664.84,18287,146,0,0,55702,103714,41055
"487",2023-05-30,50622.06,122934,2536.93,239858,5320.58,21142,146,0,0,49383,98882,26853
"488",2023-05-31,62794.59,122716,2584.95,219933,3967.12,21335,183.53,0,0,57164,92104,26176
"489",2023-06-01,31873.66,123401,2523.95,226003,4508.65,22051,169.82,0,0,60861,85441,27872
"490",2023-06-02,28919.61,128321,2481.28,226087,4561.83,19049,171.46,0,0,72152,85116,30453
"491",2023-06-03,34319.99,131950,2360.28,259407,5017.18,15557,166,0,0,77471,100501,37250
"492",2023-06-04,52156.61,153238,2578.98,371040,6352.79,16489,166,0,0,86767,134665,36595
"493",2023-06-05,48515.28,154513,2670.42,293400,5423.59,20884,166,0,0,90789,132319,28893
"494",2023-06-06,29914.93,139081,2500.79,228570,4208.96,23804,166,0,0,86951,111163,27029
"495",2023-06-07,38523.53,149320,2531.16,176698,4303.02,23697,166,0,0,86117,120589,27650
"496",2023-06-08,32033.71,139819,2446.45,166295,3693.12,20033,166,0,0,81240,112731,27101
"497",2023-06-09,29312.72,149759,2471.26,203386,3419.27,16660,166,0,0,77500,122574,29034
"498",2023-06-10,38020.95,158056,2559.94,215966,4549.32,15653,166,0,0,76792,124721,36200
"499",2023-06-11,38715.14,169257,2673.76,270469,5009.29,18401,166,0,0,81389,140906,38945
"500",2023-06-12,59594.15,162949,2668.34,232146,4346.83,22751,166,0,0,72708,124670,30354
"501",2023-06-13,28596.33,153862,2484.69,213926,4071.35,46462,234.31,0,0,82575,129830,28230
"502",2023-06-14,73328.81,150859,2476.6,196959,4059.29,30979,266,0,0,73499,140096,29150
"503",2023-06-15,47563.98,178123,2501.08,191787,3884.22,28049,266,0,0,70886,166916,28116
"504",2023-06-16,28382.67,168060,2552.72,198451,3723.86,29946,266,0,0,71174,149438,30254
"505",2023-06-17,31056.15,167735,2666.32,250109,4468.01,30128,266,0,0,73035,144543,36779
"506",2023-06-18,45553.87,180376,2638.73,276354,4950.21,28344,266,0,0,82118,153746,38719
"507",2023-06-19,56585.75,177289,2494.89,285189,4974.15,29270,266,0,0,83027,148413,35332
"508",2023-06-20,43933.8,170765,2551.11,271451,6221.91,30557,266,23372,649.29,81787,136986,28848
"509",2023-06-21,47720.44,150356,2539.71,281075,5342.48,30697,266,31553,644.98,77931,160960,26895
"510",2023-06-22,36079.97,128319,2392.14,255782,4953.91,28827,266,30070,631.75,74662,127093,24672
"511",2023-06-23,39878.84,141803,2282.73,200112,3822.08,28631,266,30767,641.88,69601,137665,25644
"512",2023-06-24,63678.32,168059,2859.69,225437,4318.2,30874,266,32347,668.45,72873,187748,33249
"513",2023-06-25,57575.47,147217,2461.43,323078,6260.38,32963,266,31087,632.12,85292,139726,41293
"514",2023-06-26,60012.42,162260,2528.71,287878,5932.59,28854,266,31553,658.26,83309,187968,32092
"515",2023-06-27,74752.53,158778,2586.59,373710,7161.17,33008,266,31214,627.96,73971,153510,30880
"516",2023-06-28,35314.37,155009,2554.93,297180,5437.28,37189,266,32890,665.64,69282,157467,30971
"517",2023-06-29,45887.43,153968,2521.1,314938,6761.2,30079,266,32881,656.56,67460,146402,33665
"518",2023-06-30,55607.32,149528,2534.87,478893,8801.52,26336,266,31720,619.01,68381,161836,33837
"519",2023-07-01,61047.21,158709,2571.3,555273,11146.28,37727,266,25093,523.89,66125,164322,43554
"520",2023-07-02,57509.22,177957,2782.25,619338,11199.26,31851,266,29787,632.37,65979,184834,48003
"521",2023-07-03,49949.79,177006,2678.98,586881,9346.32,31912,266,29433,629.58,66238,163262,43107
"522",2023-07-04,91443.87,169128,2650.36,502418,9277.24,35324,266,29002,611.85,68117,154566,44315
"523",2023-07-05,92852.86,171327,2603.54,345890,6893.81,31593,266,30235,646.89,69229,160782,37322
"524",2023-07-06,19686.73,152257,2318.05,360023,5573.87,35138,266,29848,644.94,67220,140171,34770
"525",2023-07-07,35511.54,140700,2099.64,368133,7051.05,34200,266,29626,634.55,63955,133300,34387
"526",2023-07-08,29054.3,183123,2504.35,376993,6316.56,33305,266,29822,639.4,57114,157171,37999
"527",2023-07-09,38027.64,161777,2526.26,415747,7623.67,32207,266,29888,641.94,71585,153054,38579
"528",2023-07-10,38745.7,174122,2463.11,287327,4946.77,35931,266,29470,630.25,53469,161766,33078
"529",2023-07-11,24843.01,156385,2390.66,219695,4562.39,33491,266,30205,646.4,54677,150996,32680
"530",2023-07-12,32352.24,145783,2361.58,196203,4125.45,28490,253.46,29694,630.9,57160,144582,32762
"531",2023-07-13,35162.49,169302,2359.69,195456,3624.39,26272,233.11,30673,684.52,55754,168160,30705
"532",2023-07-14,67591.76,152987,2333.35,188365,3446.88,30845,265.96,26372,550.89,63296,157185,32815
"533",2023-07-15,39232.04,155324,2365.35,250429,4074.38,23797,237.32,28493,629.8,60067,162187,38254
"534",2023-07-16,65536.8,153515,2543.64,298972,4863.11,25957,266,30015,685.74,59448,170410,37470
"535",2023-07-17,84709.7,232456,3589.34,267459,5315.14,34151,266,25359,590.4,58758,203376,34357
"536",2023-07-18,52511.62,290728,3954.51,241157,4521.79,54349,266,29590,632.7,66836,188625,33075
"537",2023-07-19,55714.68,257620,3976.42,270023,4655.14,47009,266,24282,547.85,72988,159211,30416
"538",2023-07-20,76262.46,230206,3892.43,208962,3783.44,35602,266,38713,721.11,65814,154575,32036
"539",2023-07-21,39172.52,174594,2998.45,204040,3557.76,12277,113.86,34020,674.47,62263,134041,36580
"540",2023-07-22,47728.74,175493,3037.18,266849,4770.61,5,0.06,32603,632.98,54448,147966,43401
"541",2023-07-23,59328.12,178572,3105.66,350527,5141.8,0,0,34431,675.72,59211,161524,47411
"542",2023-07-24,47777.34,172973,3017.66,294866,5993.25,0,0,34820,686.15,60477,156124,37692
"543",2023-07-25,52452.49,165620,2878.6,278878,5181.88,0,0,33832,658.75,58611,130060,34885
"544",2023-07-26,38964.82,152919,2733.52,294332,4941.12,0,0,34233,658.01,51917,106676,35720
"545",2023-07-27,32349.28,162457,2878.66,267277,4369.2,0,0,36128,708.73,50553,111081,36429
"546",2023-07-28,46156.13,173863,3005.71,192015,3887.6,0,0,34603,655.21,53729,116572,38205
"547",2023-07-29,40797.44,172112,3044.19,236784,4455.25,0,0,35110,659.45,58124,112937,41425
"548",2023-07-30,52205.28,176606,3093.9,276041,5247.49,0,0,35678,666.39,60411,127992,41019
"549",2023-07-31,70134.87,173639,2997.28,260845,4650.28,0,0,36468,696.65,61258,114314,33218
"550",2023-08-01,47659.85,131131,2376.76,252483,4639.63,0,0,27206,568.11,61167,114517,30770
"551",2023-08-02,66869.02,130382,2260.38,256607,4422.73,0,0,30484,633.48,55999,123899,31337
"552",2023-08-03,69343.34,123495,2230.02,203368,3754.72,0,0,32344,665.73,65157,117228,29589
"553",2023-08-04,81917.88,124873,2179.67,193491,3620.87,0,0,29440,575.92,65632,121861,28688
"554",2023-08-05,33252.38,122160,2198.69,248741,4939.16,0,0,30448,649.3,64078,125474,32974
"555",2023-08-06,47697.41,129592,2380.41,326586,5487.82,0,0,30365,654.2,60620,130216,36156
"556",2023-08-07,68191.68,130681,2321.92,329425,6212.26,0,0,30924,645.56,58745,129552,29077
"557",2023-08-08,41466.02,138223,2264.06,307326,5319.97,0,0,30695,614.15,60605,124561,25773
"558",2023-08-09,42619.56,130125,2247.13,238146,4623.45,0,0,30254,570.04,66263,119545,25415
"559",2023-08-10,36929.18,117386,2248.65,212752,4164.39,0,0,29706,563.94,59335,98388,23975
"560",2023-08-11,30625.49,115342,2166.13,217658,3817.03,0,0,36453,663.46,60030,92871,25991
"561",2023-08-12,32957.35,125910,2248.43,282246,4640.97,0,0,29855,571.91,60231,102981,29742
"562",2023-08-13,41409.22,137733,2469.6,330231,5671.82,0,0,33502,661.99,60885,106933,30101
"563",2023-08-14,50150.75,137987,2402.89,259305,4443.65,0,0,26988,484.59,65137,107927,24731
"564",2023-08-15,26890.95,121009,2209.18,199521,3655.32,0,0,30503,596.35,64393,87740,23571
"565",2023-08-16,27138.01,113133,2171.34,183160,3239.06,0,0,30281,575.17,59094,82654,24724
"566",2023-08-17,28550.89,120394,2161.55,165300,2751.35,0,0,34516,782.48,57614,83149,23087
"567",2023-08-18,43927.08,113648,2091.89,170524,2841.11,0,0,25730,442.81,58764,90635,24057
"568",2023-08-19,40381.25,122840,2166.38,186960,2968.72,0,0,35719,795.22,52250,88407,26036
"569",2023-08-20,48578.38,134414,2408.04,191769,3290.03,0,0,26962,479.91,56185,93079,26318
"570",2023-08-21,72686.82,160053,3012.38,170300,3345.27,0,0,30457,595.99,60656,116579,21375
"571",2023-08-22,39810.44,174776,3070.26,162506,3047.75,0,0,34044,710.69,64208,122254,19785
"572",2023-08-23,49278.15,197855,3012.83,147135,3099.59,0,0,31369,641.2,70180,147295,19197
"573",2023-08-24,38598.24,221356,2977.15,128718,2279.17,0,0,35190,711.85,75856,189488,19604
"574",2023-08-25,35928.08,220885,2904.47,128268,2342.23,0,0,30563,564.18,79931,189639,20903
"575",2023-08-26,36641.35,238377,2936.06,165387,2783.68,0,0,36740,738.76,78523,200053,24253
"576",2023-08-27,42176.22,246130,3208.66,207122,3840.31,0,0,36176,760.46,79527,206692,24655
"577",2023-08-28,33508.84,233827,3116.68,167584,3720.35,0,0,30810,581.2,83768,197738,19991
"578",2023-08-29,33741.29,157996,2906.96,132419,2563.99,0,0,40674,856.71,75779,122061,19045
"579",2023-08-30,61233.12,143714,2879.92,165497,3524.15,0,0,37896,585.66,62699,109184,18731
"580",2023-08-31,38991.3,138633,2855.94,168484,3040.36,0,0,49086,866.1,63738,107386,18388
"581",2023-09-01,32561.03,136755,2781.7,155134,2888.25,0,0,29267,483.31,63303,107860,19725
"582",2023-09-02,34745.62,134337,2804.17,184919,3433.24,0,0,37409,588.09,59906,114109,22979
"583",2023-09-03,49383.36,153470,3046.83,234847,4319.22,0,0,43115,752.6,56972,132931,27072
"584",2023-09-04,93347.32,146391,2962.25,280678,6308.48,0,0,31878,494.63,58716,119425,27841
"585",2023-09-05,45566.1,151322,2894.47,162216,3248.59,0,0,40208,735.55,62815,120034,18859
"586",2023-09-06,29899.27,148759,2847.54,138278,2543.04,0,0,32491,612.33,60510,116936,17071
"587",2023-09-07,29585.91,141020,2832.06,114417,2398.78,0,0,32619,610.68,58323,112150,15507
"588",2023-09-08,30530.88,141077,2786.31,111850,2121.48,0,0,31811,605.11,57707,116952,16322
"589",2023-09-09,30394.06,150125,2853.54,144467,2446.44,0,0,33672,621.72,52385,136941,18068
"590",2023-09-10,20577.42,145674,3011.73,189900,2963.23,0,0,33986,629.88,51421,137058,18002
"591",2023-09-11,49420.05,124338,2707.6,152846,2580.32,0,0,33399,624.81,48601,112508,16651
"592",2023-09-12,11447.28,44497,1031.06,157395,2671.03,0,0,34399,637.94,44494,47718,15319
"593",2023-09-13,10389.18,46459,1014.08,144474,2845.04,0,0,31917,508.79,25916,47925,14435
"594",2023-09-14,16789.5,48863,1098.78,124667,2347,0,0,38983,697.48,24421,50823,14296
"595",2023-09-15,19495.93,48443,1077.43,108976,2092.75,0,0,38564,676.77,26112,52284,13902
"596",2023-09-16,9609.72,51090,1103.34,132732,1991.75,0,0,36781,667.47,28917,49637,15154
"597",2023-09-17,10540.41,58607,1154.51,155913,2254.41,0,0,36570,669.71,29734,61133,15839
"598",2023-09-18,32923.7,59903,1129.33,142835,2192.43,0,0,12775,197.86,30017,61736,15767
"599",2023-09-19,13849.81,54284,1088.63,114562,2204.4,0,0,0,0,30815,51633,13543
"600",2023-09-20,21958.71,49789,1070.74,99768,1693.92,0,0,0,0,30918,54117,13115
"601",2023-09-21,16493.72,56346,1066.06,99892,1696.46,0,0,0,0,26121,53817,13314
"602",2023-09-22,14194.69,54096,1028.58,88191,1526.25,0,0,0,0,33033,55870,12823
"603",2023-09-23,8815.47,53846,1054.61,110987,1585.54,0,0,0,0,30739,54652,14011
"604",2023-09-24,7808.45,58662,1132.13,107752,1548.86,0,0,0,0,32248,59303,14437
"605",2023-09-25,12590.92,50903,1110.79,98585,1698.53,0,0,0,0,33682,51780,13472
"606",2023-09-26,14980.93,54379,1087.82,71019,1305.52,0,0,0,0,31245,55995,12671
"607",2023-09-27,6041.29,50183,1060.4,65920,1161.01,0,0,0,0,32074,53124,12120
"608",2023-09-28,9847.06,52764,1064.65,54959,1075.8,0,0,0,0,29237,50145,11283
"609",2023-09-29,13115.08,51924,1022.44,53069,937.92,0,0,0,0,31599,51452,12400
"610",2023-09-30,24587.61,51798,1035.73,60562,1034.46,0,0,0,0,30515,54389,12611
"611",2023-10-01,3713.94,61630,1043.51,69261,1090.73,0,0,0,0,28757,59501,13431
"612",2023-10-02,18687.24,50860,1000.23,65603,1231.25,0,0,0,0,31936,70020,13147
"613",2023-10-03,12886.55,34321,694.81,56495,1193.41,0,0,0,0,28931,63880,12505
"614",2023-10-04,18806.42,31298,678.08,55628,1076.58,0,0,0,0,24765,55100,12409
"615",2023-10-05,10639.37,33170,673.91,54535,1098.22,0,0,0,0,23613,55080,12960
"616",2023-10-06,10389.2,32524,666.72,59300,1191.24,0,0,0,0,24003,55376,12890
"617",2023-10-07,5850.62,33997,678.33,65759,1169.33,0,0,0,0,24758,61069,13277
"618",2023-10-08,9458.63,36340,710.9,79637,1349.79,0,0,0,0,27987,67320,12985
"619",2023-10-09,22371.47,28755,700.03,65481,1498.7,0,0,0,0,28883,58261,13068
"620",2023-10-10,17206.13,31421,680.73,55661,1046.98,0,0,0,0,25094,56600,12579
"621",2023-10-11,25843.58,30723,666.96,56237,1208.59,0,0,0,0,25551,57334,13288
"622",2023-10-12,22590.74,33541,664.12,50195,1195.96,0,0,0,0,23927,56128,12218
"623",2023-10-13,17773.29,34903,661.81,57613,1464.21,0,0,0,0,23855,54793,12775
"624",2023-10-14,8757.68,32383,654.45,80222,1322.48,0,0,0,0,24221,64842,13341
"625",2023-10-15,8885.89,35086,712.72,84810,1615.74,0,0,0,0,23718,65976,14013
"626",2023-10-16,17064.49,37359,693.64,82088,1616.87,0,0,0,0,25176,58165,12956
"627",2023-10-17,8992.03,37363,679.36,79054,1577.95,0,0,0,0,26327,59557,12832
"628",2023-10-18,19078.59,48192,667.53,74534,1441.93,0,0,0,0,26178,79173,12755
"629",2023-10-19,8536.36,46122,646.62,71524,1431.36,0,0,0,0,27600,68536,13928
"630",2023-10-20,12700.59,52220,653.25,63618,1132.67,0,0,0,0,32290,78545,14250
"631",2023-10-21,13308.45,63156,685.88,73966,1216.56,0,0,0,0,36802,92992,15459
"632",2023-10-22,6301.4,64492,706.91,87829,1340.9,0,0,0,0,42780,93766,14718
"633",2023-10-23,12650.36,58340,684.47,93883,1712.59,0,0,0,0,42183,94293,15065
"634",2023-10-24,9223.56,45528,667.64,97119,1775.09,0,0,0,0,40168,67686,15089
"635",2023-10-25,16266.69,45661,672.64,69524,1231.04,0,0,0,0,36463,75179,15505
"636",2023-10-26,11779.24,49134,751.18,53143,942.41,0,0,0,0,36286,58802,14744
"637",2023-10-27,14151.22,58264,728.82,62567,1096.94,0,0,0,0,46273,66879,14254
"638",2023-10-28,4063.13,51784,747.16,69626,1146.32,0,0,0,0,55886,69764,13767
"639",2023-10-29,17242.66,46119,792.75,87229,1374.14,0,0,0,0,44206,67142,14611
"640",2023-10-30,13756.93,46472,775.29,82347,1544.28,0,0,0,0,35855,70161,14038
"641",2023-10-31,7947.73,42820,754.36,61116,1162.32,0,0,0,0,34522,67753,13088
"642",2023-11-01,13588.32,41126,741.66,78816,1513.37,0,0,0,0,32504,63709,14620
"643",2023-11-02,15290.8,37292,740.23,71704,1667.84,0,0,0,0,37876,84505,14769
"644",2023-11-03,13210.62,33399,736.13,68296,1341.05,0,0,0,0,57871,89783,13951
"645",2023-11-04,5552.89,29415,730.44,88417,1313.34,0,0,0,0,64026,97523,14601
"646",2023-11-05,16537.31,36234,794.67,101602,1582.17,0,0,0,0,61491,122859,15746
"647",2023-11-06,6290.38,36785,783.2,95370,1710.66,8917,100.03,0,0,65814,109694,15067
"648",2023-11-07,8451.77,34243,780.09,84432,1632.23,14891,100,0,0,57519,101330,14331
"649",2023-11-08,17790.13,33443,775.96,71925,1431.87,12130,100,0,0,60057,94799,15147
"650",2023-11-09,7876.46,37289,908.25,71415,1227.3,12126,100,0,0,58144,96805,14896
"651",2023-11-10,3333.63,52537,1336.9,75416,1428.63,12033,100,0,0,64979,97033,15588
"652",2023-11-11,6128.26,51585,1363.5,83226,1349.06,12054,100,0,0,55971,94113,15511
"653",2023-11-12,7847.9,53316,1378.56,93125,1502.85,12186,100,0,0,57370,95182,16242
"654",2023-11-13,11135.49,50060,1340.05,97630,1596.01,13035,100,0,0,55937,90273,15538
"655",2023-11-14,19012.18,48453,1310.37,85012,1366.18,13499,100,0,0,56553,84223,15019
"656",2023-11-15,13231.63,47039,1293,89629,1647.98,14124,100,0,0,53992,80397,15595
"657",2023-11-16,13924.99,43503,1282.81,86998,1490.33,13593,100,0,0,50907,84193,14957
"658",2023-11-17,25226.89,59825,2015.5,103590,1820.35,15195,100,0,0,50818,113754,15000
"659",2023-11-18,11097.27,76147,2624.65,115025,1866.15,13553,100,0,0,65782,123940,17640
"660",2023-11-19,19005.36,81456,2766.29,128478,1889.39,14000,100,0,0,78513,142423,18229
"661",2023-11-20,36978.66,86850,2686.21,117945,2386.42,15694,100,0,0,69515,138681,17271
"662",2023-11-21,21869.16,90334,2617.79,99216,1998.85,15255,100,161,3.19,66880,127401,16941
"663",2023-11-22,28529.79,87310,2582.36,93937,1964.74,14865,100,40158,694.4,64237,132162,15061
"664",2023-11-23,30445.11,83762,2582.85,113733,2326.7,13639,100,31603,557.12,63091,120483,13741
"665",2023-11-24,67809.64,69757,2636.27,208293,4863.12,11676,100,33248,572.28,66891,100482,18867
"666",2023-11-25,45506.92,92578,2722.62,230290,5358.19,13823,100,26388,453.68,66417,132222,17495
"667",2023-11-26,41596.03,69494,2199.44,290273,7177.87,14999,100,30798,526.06,78235,109832,17578
"668",2023-11-27,58280.04,85552,3086.2,264750,7473.01,16729,100,30018,506.18,72529,121542,19137
"669",2023-11-28,33088.64,85525,2932.63,215250,4131.03,14941,100,25898,443.14,83458,118127,14053
"670",2023-11-29,55353.56,94210,2859.99,150998,2839.91,5662,100,23133,393.9,59535,119431,12870
"671",2023-11-30,10217.79,31175,931.43,138784,2426.7,6118,100,6,0.07,64522,72408,13359
"672",2023-12-01,13656.61,30709,830.01,118870,1966.1,6125,85.82,0,0,46320,66659,15420
"673",2023-12-02,10704.92,29643,835,106461,1408.51,6868,50,0,0,45737,70048,17937
"674",2023-12-03,28247.59,42249,1007.6,131919,2109.98,7774,50,0,0,49574,83142,20636
"675",2023-12-04,23784.22,44951,1187.79,114447,1696.15,8032,50,0,0,49923,81156,18830
"676",2023-12-05,12318.87,42192,1246.73,123247,1884.19,5456,50,0,0,53033,81428,18081
"677",2023-12-06,17639.57,89225,2286.28,114560,1614.62,5134,50,0,0,51374,119836,17146
"678",2023-12-07,25039.22,90593,2327.13,130750,2073.5,6208,50,0,0,68576,128686,17177
"679",2023-12-08,19139.55,85275,2204.16,126961,2160.39,7052,50,0,0,81319,137711,16610
"680",2023-12-09,15567.68,63452,1690.04,143358,2269.76,6043,50,0,0,70433,139933,17712
"681",2023-12-10,16910.27,69130,1684.31,207228,2858.62,6223,50,0,0,70248,154142,20443
"682",2023-12-11,48083.16,62379,1771.01,246243,3243.39,5185,50,0,0,78579,153107,22896
"683",2023-12-12,20891.94,54944,1501.58,213392,3313.54,4446,50,0,0,76282,129237,22252
"684",2023-12-13,33798.62,52040,1472,200961,3801.3,4371,50,0,0,62727,124946,24383
"685",2023-12-14,23765.06,56757,1481.29,194358,3077.99,4283,50,0,0,62773,132789,20668
"686",2023-12-15,27343.32,65076,1629.97,177159,3182.15,3861,50,0,0,64182,154449,19545
"687",2023-12-16,23454.28,52745,1232.11,202725,3171.87,3939,50,0,0,62145,142846,20219
"688",2023-12-17,22153.99,48651,1064.63,235493,3823.47,4728,50,0,0,57361,158306,21779
"689",2023-12-18,26887.98,50563,1028.42,176748,3273.06,6146,50,0,0,52378,135806,21552
"690",2023-12-19,19412.65,54445,1003.47,117828,2059.02,5645,50,0,0,52447,122851,19526
"691",2023-12-20,10864.72,53680,999.24,129197,1928.21,4708,50,0,0,52444,120398,18848
"692",2023-12-21,11054.1,61053,1004.49,118164,1733.74,4853,50,0,0,55187,136075,18289
"693",2023-12-22,6186.01,62462,1007.72,102312,1425.43,4602,50,0,0,59131,153974,17641
"694",2023-12-23,7487.12,65637,1013.69,102240,1247.92,5592,50,0,0,59064,167522,16409
"695",2023-12-24,10100.42,71553,1056.92,84610,1113.95,6951,50,0,0,63089,203075,13765
"696",2023-12-25,6849.5,70880,1034.07,85337,1106.56,7584,50,0,0,77467,259444,14845
"697",2023-12-26,17992.06,80334,1125.6,101498,1464.57,11723,50,0,0,106105,219887,17531
"698",2023-12-27,15614.02,79005,1194.03,112591,1581.81,13457,50,0,0,92223,193152,17542
"699",2023-12-28,9988.89,78267,1200.7,125242,1634.01,10189,50,0,0,81070,215467,17661
"700",2023-12-29,30193.69,77001,1201.39,132191,1825.85,8069,50,0,0,95387,216473,19138
"701",2023-12-30,15640.18,77811,1215.7,127932,1559.78,6970,50,0,0,106155,220154,18514
"702",2023-12-31,11244.31,90509,1254.81,118261,1511.35,8068,50,0,0,109006,260461,15648
"703",2024-01-01,18815.13,107080,1226.16,133301,1897.28,14621,50,0,0,116613,152733,17455
"704",2024-01-02,12269.54,99289,1196.31,132594,2207.63,12860,50,0,0,55188,141636,19716
"705",2024-01-03,25069.24,84969,1187.34,116547,1898.28,12368,50,0,0,45964,125403,18364
"706",2024-01-04,14333.67,79674,1190.78,104901,1738.52,9783,50,0,0,43878,107629,18458
"707",2024-01-05,19171.22,73797,1197.05,107210,1618.97,9356,50,0,0,43822,99229,17367
"708",2024-01-06,13787.7,75200,1259.28,101261,1512.46,8413,50,0,0,45827,106195,19758
"709",2024-01-07,20540.64,77498,1085.05,117523,1761.47,8183,50,0,0,50686,107560,19215
"710",2024-01-08,19655.4,76167,1058.15,103907,1504.5,11491,50,0,0,49009,100829,17368
"711",2024-01-09,18415.88,73655,1036.21,104888,1845.95,8012,50,0,0,61343,99282,16635
"712",2024-01-10,20869.14,65612,1018.73,90181,1628.73,8151,50,0,0,61563,93518,15773
"713",2024-01-11,22560.21,61701,1018.75,146453,1489.83,6573,50,0,0,47529,90350,17029
"714",2024-01-12,9775.74,61582,1028.12,139677,1357.3,6818,50,0,0,42979,92347,17558
"715",2024-01-13,13050.28,63218,1034.92,148265,1419.65,6536,50,0,0,42579,93705,21092
"716",2024-01-14,15057.01,72284,1093.63,152758,1498.34,5573,50,0,0,46209,100970,19555
"717",2024-01-15,21030.23,70554,1061.26,163545,1712.94,7030,50,0,0,43659,101148,19084
"718",2024-01-16,11961.92,71788,1037.63,139126,1456.83,6986,50,0,0,41400,101260,18324
"719",2024-01-17,16378.43,72459,1018.33,121361,1314.43,7835,50,0,0,36357,104289,17283
"720",2024-01-18,19698.11,67835,1018.63,103747,1563.53,7468,50,0,0,40898,103594,15911
"721",2024-01-19,13796.46,71278,1021.28,100367,1305.23,7108,50,0,0,46341,114451,16078
"722",2024-01-20,10255.73,69478,1029.2,127888,1448.3,6458,50,0,0,51456,117936,18517
"723",2024-01-21,13632.42,82849,1094.44,134637,1516.78,7732,50,0,0,47131,124484,19252
"724",2024-01-22,27755.29,78121,1060.69,129116,1928.19,7655,50,0,0,47685,118777,17851
"725",2024-01-23,10217.91,69070,1043.6,160279,1686.16,6697,50,0,0,51154,106506,17344
"726",2024-01-24,14658.92,69114,1022.96,169773,1956.07,5959,50,0,0,42728,99133,17311
"727",2024-01-25,16925.33,63094,1013.88,136497,1743.33,5512,50,0,0,43726,108785,16928
"728",2024-01-26,19468.97,67156,1016.43,113701,1517.08,6077,50,0,0,48612,110737,15396
"729",2024-01-27,11210.17,67093,1027.98,180470,1816.92,5828,50,0,0,40651,108717,18628
"730",2024-01-28,15171.73,83995,1189.37,187231,1945.05,6919,50,0,0,40553,132564,18124
"731",2024-01-29,3044.83,28298,464.39,57581,643.19,5285,41.95,0,0,49909,27955,0
