"","fb_organic_total_impressions_alphas","fb_organic_total_impressions_gammas","fb_organic_total_impressions_thetas","fb_paid_spend_alphas","fb_paid_spend_gammas","fb_paid_spend_thetas","google_paid_spend_alphas","google_paid_spend_gammas","google_paid_spend_thetas","mountain_paid_spend_alphas","mountain_paid_spend_gammas","mountain_paid_spend_thetas","pinterest_paid_spend_alphas","pinterest_paid_spend_gammas","pinterest_paid_spend_thetas","train_size","rsq_train","rsq_val","rsq_test","nrmse_train","nrmse_val","nrmse_test","nrmse","decomp.rssd","mape","lambda","lambda_hp","lambda_max","lambda_min_ratio","pos","Elapsed","ElapsedAccum","solID","trial","iterNG","iterPar","iterations","coef0","mape.qt10","robynPareto","error_score","cluster","top_sol"
"1",2.158115,0.6006808,0.1719849,1.6756675,0.5589258,0.1628691,0.992175,0.5315411,0.1025865,2.08578,0.6038777,0.1400682,2.17587,0.5989581,0.1372605,0.6158645,0.0465717844440543,-0.500334278172726,-0.878710922332313,0.159653472850187,2.84471750581205,2.48460029336977,2.84471750581205,0.106525486774808,0,975734.459052369,0.678866,1437232.53871745,1e-04,1,0.104339599609375,0.648597240447998,"1_5_1",1,5,1,5,TRUE,TRUE,8,0.325957221979142,2,FALSE
"2",1.29048,0.5209452,0.1674339,2.0176925,0.7380964,0.2534571,1.11586,0.6501841,0.1337955,2.3841675,0.7210913,0.1999515,1.3039925,0.5779483,0.1845366,0.7070825,0.097694274069252,0.11138282010414,-0.841657816482108,0.164291348358998,1.92441670737708,2.32782491667383,1.92441670737708,0.174627561611246,0,612148.114562453,0.425864,1437232.53871745,1e-04,1,0.104306221008301,0.896133422851562,"1_7_1",1,7,1,7,FALSE,TRUE,7,0.285519643585967,2,FALSE
"3",2.048755,0.6993346,0.1046958,1.68027,0.6854942,0.0706458,1.30282,0.5583714,0.198834,1.343105,0.6672592,0.1742358,2.6855525,0.6562545,0.1584069,0.7282664,0.0655198652579809,-0.0717319802969483,-0.935058600405056,0.169052344498449,1.74798270038678,2.34719972159219,1.74798270038678,0.149457151648182,0,847689.845594564,0.589766,1437232.53871745,1e-04,1,0.102599382400513,2.12450075149536,"1_17_1",1,17,1,17,FALSE,TRUE,2,0.287924927750167,2,FALSE
"4",1.433035,0.6063977,0.1563999,1.3358425,0.5219602,0.2245323,1.2649625,0.7582165,0.0772104,2.1355475,0.7738853,0.0921516,2.0902525,0.6497928,0.2650281,0.689168,0.146643768232603,0.124128035433787,-0.682438715789379,0.157141927770657,2.10495537716474,2.25616847442764,2.10495537716474,0.235976550644238,0,374348.717001248,0.260391,1437232.53871745,1e-04,1,0.104520559310913,2.76628422737122,"1_22_1",1,22,1,22,FALSE,TRUE,12,0.276490578255231,1,FALSE
"5",1.990545,0.6665851,0.0897732,1.19228,0.6915618,0.0833082,1.467305,0.733251,0.1149567,2.2430275,0.7572225,0.0747933,1.164665,0.9882673,0.1988481,0.7046636,0.067068211000029,0.0756364048670594,-0.955150490823667,0.167083506846172,1.97072976909108,2.40479117940624,1.97072976909108,0.307912657946184,0,850874.434409632,0.591982,1437232.53871745,1e-04,1,0.11125636100769,3.5233302116394,"1_28_1",1,28,1,28,FALSE,TRUE,12,0.336021790397568,2,FALSE
"6",2.03541,0.6763165,0.1019019,1.6945,0.6800979,0.0821691,1.4292725,0.6076955,0.1927614,1.347135,0.6602004,0.2439819,1.835435,0.6633084,0.1492326,0.70925,0.0693866884647174,0.074704823388644,-0.92322617039963,0.166696449425453,1.96105362310554,2.37886403608495,1.96105362310554,0.21150175187417,0,817841.510897386,0.568996,1437232.53871745,1e-04,1,0.120636940002441,3.92050814628601,"1_31_1",1,31,1,31,FALSE,TRUE,11,0.306760360685503,2,FALSE
"7",2.0617475,0.6544737,0.1007979,1.5508975,0.7244534,0.0775512,1.4062975,0.6134698,0.1752771,1.407815,0.6299688,0.158487,1.441005,0.6223416,0.0407835,0.7096538,0.0804427306844535,0.0867352454443459,-0.894868001511448,0.165703282008643,1.94826338543289,2.36126060581586,1.94826338543289,0.231448018733784,0,721710.328764581,0.502103,1437232.53871745,1e-04,1,0.109570264816284,4.04654932022095,"1_32_1",1,32,1,32,FALSE,TRUE,11,0.30552854777714,2,FALSE
"8",1.834405,0.33814692,0.1719849,1.6756675,0.5589258,0.1628691,0.992175,0.5315411,0.1025865,2.08578,0.6038777,0.1400682,2.17587,0.5989581,0.1372605,0.6158645,0.0479503439117331,-0.499488032947897,-0.871310551309374,0.159538009820004,2.84391512857114,2.47970195951124,2.84391512857114,0.106426415422599,0,975734.459052369,0.678866,1437232.53871745,1e-04,1,0.108229160308838,4.43295216560364,"1_35_1",1,35,1,35,TRUE,TRUE,7,0.324451307417579,2,FALSE
"9",1.87785,0.34829041,0.14706,2.0690875,0.7211382,0.2534571,1.11586,0.6501841,0.1337955,1.9897875,0.7248503,0.1344714,2.1063125,0.5414202,0.1670166,0.6445766,0.0781624896480164,-0.168494033865512,-0.820246504963664,0.159842961143417,2.59385284911284,2.3945722805465,2.59385284911284,0.142559753259863,0,674169.99366023,0.469022,1437232.53871745,1e-04,1,0.108181238174438,4.69013977050781,"1_37_1",1,37,1,37,TRUE,TRUE,7,0.301465976676838,2,FALSE
"10",1.125225,0.6619476,0.02629614,1.90292,0.6803079,0.0936057,1.4167075,0.5493904,0.1835412,1.4057525,0.6776528,0.167388,2.489105,0.6735473,0.1537389,0.705935,0.0697420722533243,0.0828461736036424,-0.923274626509811,0.166790271934135,1.96333748796949,2.3807371662126,1.96333748796949,0.16970305639668,0,816949.078742983,0.568375,1437232.53871745,1e-04,1,0.109025716781616,4.81552934646606,"1_38_1",1,38,1,38,FALSE,TRUE,7,0.300603632654178,2,FALSE
"11",1.18331,0.8047077,0.2355789,1.598765,0.34656512,0.1663164,0.75735,0.5659314,0.0991662,2.96124,0.5948981,0.1126158,2.2170675,0.7056717,0.245481,0.6424118,0.0987608935596698,-0.210358758697557,-0.76753548827358,0.157256804905405,2.61618472504378,2.37683685569605,2.61618472504378,0.0673189297276894,0,518470.043037644,0.360678,1437232.53871745,1e-04,1,0.117025136947632,4.94899034500122,"1_39_1",1,39,1,39,TRUE,TRUE,4,0.291323519094831,2,FALSE
"12",1.42326,0.8026672,0.2224161,1.5820775,0.4084398,0.1620126,0.9219475,0.6205307,0.0925662,1.4413475,0.4977843,0.199941,1.51191,0.4836359,0.121947,0.6871721,0.111565529259692,0.0870502216413382,-0.789263548998168,0.160506805684218,2.14904119187399,2.32664400934183,2.14904119187399,0.143051206074141,0,508025.281526855,0.35341,1437232.53871745,1e-04,1,0.113173723220825,5.32699108123779,"1_42_1",1,42,1,42,FALSE,TRUE,6,0.280975255554251,1,FALSE
"13",1.31568,0.8313098,0.1587522,1.6488625,0.376706,0.1626564,0.85846,0.6218474,0.1100364,2.908095,0.6149902,0.1209393,2.147835,0.6935036,0.2194488,0.6246308,0.0947087799922063,-0.331389257468675,-0.783974672668783,0.158581404199901,2.72473716496222,2.41046565718365,2.72473716496222,0.0816422719112723,0,544162.316880502,0.378556,1437232.53871745,1e-04,1,0.106083393096924,5.44901823997498,"1_43_1",1,43,1,43,TRUE,TRUE,5,0.302044256455881,2,FALSE
"14",1.5530075,0.3831537,0.1382856,1.57646,0.6223367,0.002619369,1.12339,0.6134691,0.1473306,2.939355,0.8138931,0.0777966,2.5399325,0.7461254,0.2686761,0.6108449,0.0759459660364556,-0.566409147751148,-0.776096156614371,0.156012691749101,2.93337208175874,2.42724375080116,2.93337208175874,0.113477743408607,0,656876.066854941,0.456988,1437232.53871745,1e-04,1,0.116429090499878,5.58193516731262,"1_44_1",1,44,1,44,TRUE,TRUE,9,0.308856815426158,2,FALSE
"15",2.1155075,0.7618908,0.1169358,1.02083,0.459096,0.2907894,1.005435,0.7094307,0.02968833,2.003175,0.5370704,0.1514634,1.191815,0.5166346,0.126018,0.6986243,0.0722428112406142,0.0779909620376387,-0.93596336956188,0.165877099914604,2.03993654230685,2.40142197840484,2.03993654230685,0.252383296846467,0,781343.766251058,0.543599,1437232.53871745,1e-04,1,0.112761259078979,5.71157264709473,"1_45_1",1,45,1,45,FALSE,TRUE,12,0.321523468474932,2,FALSE
"16",2.048755,0.6993346,0.1046958,1.68027,0.6854942,0.0706458,1.0160125,0.5583714,0.198834,1.343105,0.6672592,0.1742358,2.6855525,0.6562545,0.1584069,0.7282664,0.065272609240243,-0.071091633803257,-0.935617729273303,0.169074707972731,1.74746042342859,2.34753880494988,1.74746042342859,0.0883550163321701,0,847689.845594564,0.589766,1437232.53871745,1e-04,1,0.121037006378174,5.98077774047852,"1_47_1",1,47,1,47,FALSE,TRUE,1,0.282988416214199,2,FALSE
"17",1.9256125,0.6807475,0.1150365,1.611385,0.6527874,0.1014231,1.0658025,0.5983407,0.1745091,1.501595,0.7738853,0.0921516,2.0902525,0.6497928,0.2650281,0.7204466,0.0754943900682326,0.0455604629186256,-0.908553586687716,0.166596556581109,1.87578391324771,2.34680833494837,1.87578391324771,0.12484380828758,0,753021.619875901,0.523891,1437232.53871745,1e-04,1,0.119811058044434,6.64584398269653,"1_52_1",1,52,1,52,FALSE,TRUE,4,0.285233176015425,2,FALSE
"18",1.49399,0.5608424,0.1283244,2.2192425,0.535739,0.0806574,1.362485,0.7029445,0.1968789,1.0679625,0.7331383,0.1887162,1.8860575,0.6475556,0.2111445,0.6702821,0.135889766628333,0.0619573250322557,-0.720811591107329,0.15600529539518,2.29116403954586,2.3064863061348,2.29116403954586,0.179565220537521,0,406917.460826099,0.283054,1437232.53871745,1e-04,1,0.11288595199585,6.77475357055664,"1_53_1",1,53,1,53,FALSE,TRUE,10,0.279951385498738,1,FALSE
"19",1.67744,0.6922275,0.0454041,1.780395,0.7976076,0.1333014,0.8081725,0.5626106,0.1506777,0.65999075,0.7348477,0.1825827,2.3984125,0.8840436,0.0814614,0.6434861,0.0654252364188461,-0.206473074623567,-0.869807943826225,0.16096017018392,2.60549121226256,2.43982470657851,2.60549121226256,0.137077703582352,0,752278.644958306,0.523374,1437232.53871745,1e-04,1,0.11149263381958,6.90360379219055,"1_54_1",1,54,1,54,TRUE,TRUE,7,0.31464204564372,2,FALSE
"20",1.3389225,0.8372143,0.2284212,1.94224,0.5041872,0.1627776,0.589115,0.4039507,0.1431276,2.7950375,0.5867046,0.1121373,2.7968875,0.728911,0.2755221,0.6867581,0.0736503254281871,0.0529544536872557,-0.896141123196444,0.163895952324773,2.18880327171455,2.3951245926452,2.18880327171455,0.167416393423844,0,727776.280654653,0.506324,1437232.53871745,1e-04,1,0.111059188842773,7.1657350063324,"1_56_1",1,56,1,56,FALSE,TRUE,8,0.304604533255158,2,FALSE
"21",1.95457,0.31338449,0.0546459,1.9876875,0.9778646,0.152904,1.57155,0.65231,0.214473,0.7359265,0.7353524,0.1861425,2.6359825,0.5234792,0.1108956,0.715781,0.0604423818049353,0.0522525758515078,-0.933737489749285,0.167121492789725,1.97673307774094,2.36464223463689,1.97673307774094,0.201248414006124,0,931700.62065775,0.648225,1437232.53871745,1e-04,1,0.119000196456909,7.3014612197876,"1_57_1",1,57,1,57,FALSE,TRUE,11,0.300754014111511,2,FALSE
"22",2.7042125,0.7395573,0.0059133,1.53482,0.8552253,0.0801876,1.060855,0.5180157,0.2872428,0.54843375,0.6299688,0.158487,1.441005,0.6223416,0.0407835,0.7096538,0.0788625993691795,0.0861332365361477,-0.898961477313891,0.165845589926452,1.94890541102677,2.36380974078175,1.94890541102677,0.145340173050067,0,721710.328764581,0.502103,1437232.53871745,1e-04,1,0.116124153137207,7.94448351860046,"1_62_1",1,62,1,62,FALSE,TRUE,5,0.29246248676813,2,FALSE
"23",2.8989075,0.33814692,0.1719849,1.6756675,0.5589258,0.1628691,0.992175,0.5315411,0.1025865,2.08578,0.6038777,0.1400682,2.17587,0.5989581,0.1372605,0.6158645,0.0475440096176279,-0.500895113642198,-0.873882235869719,0.159572051557619,2.84524914380576,2.48140526359688,2.84524914380576,0.106510970007097,0,975734.459052369,0.678866,1437232.53871745,1e-04,1,0.112569332122803,8.31748604774475,"1_65_1",1,65,1,65,TRUE,TRUE,8,0.324977914700189,2,FALSE
"24",0.500137735,0.5914044,0.1576626,2.2120775,0.3779758,0.0780282,0.789475,0.6799558,0.1946367,0.73799375,0.6060169,0.2502801,2.6860725,0.5771636,0.1897326,0.6788291,0.0877551300150723,0.0632835429382522,-0.884637350077786,0.163478029109712,2.15112186414323,2.3988695162261,2.15112186414323,0.0969339862343595,0,648996.508879755,0.451505,1437232.53871745,1e-04,1,0.104135751724243,8.43763899803162,"1_66_1",1,66,1,66,FALSE,TRUE,3,0.29915329581762,2,FALSE
"25",2.014575,0.629126,0.1131687,1.758035,0.692623,0.107208,1.0359825,0.5767345,0.1858263,1.4724425,0.7248503,0.1344714,2.1063125,0.5414202,0.1670166,0.7115285,0.0694469427554375,0.0706808248206393,-0.907847325079415,0.166435004178134,1.97441227886467,2.34891837604076,1.97441227886467,0.124859033888083,0,812985.587789934,0.565617,1437232.53871745,1e-04,1,0.113522529602051,8.56754088401794,"1_67_1",1,67,1,67,FALSE,TRUE,5,0.285876458483181,2,FALSE
"26",1.125225,0.6619476,0.02629614,1.90292,0.6803079,0.0936057,1.4167075,0.5493904,0.1835412,1.4057525,0.6776528,0.167388,2.489105,0.7950379,0.1537389,0.705935,0.0693212336326323,0.082806437298872,-0.924924963584945,0.166827994725409,1.96338001896568,2.38175838706655,1.96338001896568,0.162622899972576,0,816949.078742983,0.568375,1437232.53871745,1e-04,1,0.103560209274292,8.68675541877747,"1_68_1",1,68,1,68,FALSE,TRUE,7,0.299962823713545,2,FALSE
"27",1.18331,0.8047077,0.2355789,1.598765,0.34656512,0.1663164,0.75735,0.5228394,0.1706958,2.812685,0.721435,0.0464223,2.812815,0.8475428,0.2137155,0.6424118,0.0968477128306208,-0.210647196436634,-0.774741278101961,0.157423631437043,2.61649643487771,2.38167680568773,2.61649643487771,0.0519607833444663,0,518470.043037644,0.360678,1437232.53871745,1e-04,1,0.105097532272339,8.8077278137207,"1_69_1",1,69,1,69,TRUE,TRUE,1,0.292670681727351,2,FALSE
"28",1.173775,0.7879028,0.2357553,1.574715,0.4001203,0.1694001,0.9735075,0.4330091,0.2052777,2.068935,0.6163993,0.1480278,1.946235,0.5742012,0.205992,0.6423041,0.099158449481727,-0.210796710487734,-0.765251957774476,0.157222116402822,2.61665799759608,2.37530100715648,2.61665799759608,0.11114486992571,0,524962.810305909,0.365196,1437232.53871745,1e-04,1,0.112013339996338,8.93600034713745,"1_70_1",1,70,1,70,TRUE,TRUE,5,0.292819542125857,NA,NA
"29",1.9891075,0.6546669,0.1200318,1.803195,0.6902451,0.0977838,1.05598,0.6211425,0.1147452,1.691835,0.5922752,0.1138665,1.6305175,0.5030742,0.1772985,0.7065128,0.0743402069895142,0.0847782449269572,-0.913255789107109,0.166377550811721,1.96126841962084,2.37452813019886,1.96126841962084,0.156589222646568,0,777821.461564356,0.541148,1437232.53871745,1e-04,1,0.109897375106812,9.06284403800964,"1_71_1",1,71,1,71,FALSE,TRUE,6,0.297023854036362,2,FALSE
"30",1.2313,0.8026672,0.2224161,1.5820775,0.4084398,0.1620126,0.9219475,0.6205307,0.0925662,1.4413475,0.676705,0.0771261,2.5526325,0.774761,0.1953618,0.6513638,0.0993274248348607,-0.121534770848126,-0.763826896324452,0.157764581289273,2.55111653318761,2.35109388942637,2.55111653318761,0.082533596333087,0,516380.51589996,0.359224,1437232.53871745,1e-04,1,0.118797063827515,9.19824719429016,"1_72_1",1,72,1,72,TRUE,TRUE,3,0.28383795900462,2,FALSE
"31",1.1509425,0.7482877,0.2091006,1.57646,0.6223367,0.1370202,0.83658,0.5460668,0.1196274,2.1621925,0.5667945,0.1585638,1.79596,0.6446261,0.2727159,0.6377597,0.0999774625820968,-0.237693674047307,-0.759797705052699,0.15718638211579,2.63454775897565,2.37577776884864,2.63454775897565,0.111550044605416,0,525632.493693915,0.365662,1437232.53871745,1e-04,1,0.104997873306274,9.44619274139404,"1_74_1",1,74,1,74,TRUE,TRUE,7,0.292994099949293,2,FALSE
"32",1.36975,0.7961446,0.2118501,1.4831775,0.36907124,0.191211,0.8069675,0.629105,0.02968833,2.003175,0.4821029,0.1733403,1.5354225,0.5543674,0.2470008,0.6536543,0.0922850759779015,-0.0984719873797653,-0.787832831470886,0.158301906929474,2.53146193617354,2.36537255941413,2.53146193617354,0.102680539051004,0,571044.500262564,0.397262,1437232.53871745,1e-04,1,0.375773429870605,9.83828997612,"1_75_1",1,75,1,75,FALSE,TRUE,4,0.289221114675842,2,FALSE
"33",2.7411125,0.6150357,1.087098e-05,1.745475,0.9566378,0.00589071,1.2229425,0.5583714,0.198834,1.343105,0.6672592,0.1742358,2.6855525,0.6562545,0.1584069,0.7282664,0.0650807676139733,-0.0735866870950102,-0.935575946925796,0.16909205736421,1.74949454945192,2.34751346776424,1.74949454945192,0.116745114045387,0,847689.845594564,0.589766,1437232.53871745,1e-04,1,0.113695859909058,10.089103937149,"1_77_1",1,77,1,77,FALSE,TRUE,2,0.28476002320136,2,FALSE
"34",1.336655,0.7652081,0.2082858,1.5562775,0.3817117,0.1624797,0.9733125,0.6066721,0.1126854,2.617285,0.6182347,0.1273317,2.150535,0.6339049,0.085683,0.672068,0.0915727514099616,0.0218428761489231,-0.85700387122033,0.160140435645198,2.34723207965193,2.38860339977535,2.34723207965193,0.130421202107145,0,598718.519581946,0.416519,1437232.53871745,1e-04,1,0.104629039764404,10.3382949829102,"1_79_1",1,79,1,79,FALSE,TRUE,6,0.29845187620336,2,FALSE
"35",2.014025,0.4967105,0.1644939,1.7310575,0.9329729,0.01776249,1.18323,0.5280831,0.2679012,1.3593875,0.6652992,0.2308209,2.642075,0.5689932,0.1144236,0.6587852,0.0656683345842007,-0.0904793774375239,-0.890246403441761,0.160699693463405,2.51972245722083,2.42662321718746,2.51972245722083,0.109745688549125,0,775233.264607706,0.539347,1437232.53871745,1e-04,1,0.104126691818237,10.5872731208801,"1_81_1",1,81,1,81,FALSE,TRUE,4,0.308413417398696,2,FALSE
"36",1.985735,0.69725,0.117294,1.6798425,0.6294536,0.1014231,1.0658025,0.5983407,0.1745091,1.501595,0.6231389,0.1862109,2.29804,0.5996903,0.2198265,0.7195406,0.0675548182323982,0.0307091962693554,-0.911079477879743,0.167310385477606,1.9014399402946,2.33670430146624,1.9014399402946,0.120600423031699,0,830427.534743216,0.577754,1437232.53871745,1e-04,1,0.105792045593262,10.708976984024,"1_82_1",1,82,1,82,FALSE,TRUE,3,0.281785287581714,2,FALSE
"37",1.49399,0.5608424,0.1283244,2.2192425,0.3843997,0.1491846,0.8783775,0.5933343,0.1187088,2.582585,0.622546,0.127836,2.150865,0.6940482,0.2386137,0.6702821,0.132917642503129,0.0575169145210067,-0.728379877041734,0.156273356731789,2.29658047621341,2.31155280981791,2.29658047621341,0.0937145642436158,0,406917.460826099,0.283054,1437232.53871745,1e-04,1,0.111752986907959,10.8368256092072,"1_83_1",1,83,1,83,FALSE,TRUE,2,0.272217407842539,1,FALSE
"38",1.2369,0.769399,0.1929408,1.50288,0.4427713,0.1583214,0.9422,0.5160718,0.2167476,2.369585,0.8449444,0.01321935,2.8786325,0.9342693,0.1618521,0.6434861,0.089101946638139,-0.182434204192737,-0.800369324949202,0.158908191388481,2.57940351747294,2.39409250435727,2.57940351747294,0.0637967414315756,0,565231.476004014,0.393217,1437232.53871745,1e-04,1,0.103329420089722,10.9557240009308,"1_84_1",1,84,1,84,TRUE,TRUE,2,0.296574888861008,2,FALSE
"39",1.3389225,0.8372143,0.2284212,1.94224,0.5041872,0.1627776,0.589115,0.4039507,0.1431276,2.7950375,0.5867046,0.1121373,2.7968875,0.9880027,0.2141502,0.6867581,0.0729034631691616,0.0528881811184209,-0.899644272025419,0.163962008934892,2.1888798546616,2.39733608576723,2.1888798546616,0.168210646562351,0,727776.280654653,0.506324,1437232.53871745,1e-04,1,0.103622436523438,11.2032997608185,"1_86_1",1,86,1,86,FALSE,TRUE,9,0.305373768710524,2,FALSE
"40",2.0727925,0.5938971,0.0605754,1.6650475,0.820933,0.0807015,1.275,0.5717456,0.214473,0.7359265,0.7353524,0.1861425,2.6359825,0.5234792,0.1108956,0.7266287,0.0615617181831158,-0.0400516548938412,-0.948382541299675,0.169004846237525,1.78689685416321,2.35665532492783,1.78689685416321,0.15127074969406,0,901901.146980297,0.627489,1437232.53871745,1e-04,1,0.107664823532104,11.3269226551056,"1_87_1",1,87,1,87,FALSE,TRUE,5,0.290992121674935,2,FALSE
"41",2.075505,0.6911516,0.0897732,1.19228,0.6915618,0.0833082,1.467305,0.6715005,0.1195548,0.57398025,0.649468,0.1789104,2.17323,0.6644319,0.151812,0.7307075,0.0657529601528974,-0.104867418516716,-0.929385018387004,0.168769608075725,1.75519440406922,2.34039020980354,1.75519440406922,0.280327764528051,0,846656.578736246,0.589047,1437232.53871745,1e-04,1,0.111915349960327,11.4557135105133,"1_88_1",1,88,1,88,FALSE,TRUE,5,0.31100030689637,2,FALSE
"42",2.0617475,0.6544737,0.1007979,1.65255,0.3946771,0.1515162,0.8709375,0.6245319,0.072267,1.7891225,0.5685494,0.1199607,2.2776525,0.6748962,0.2059365,0.7096538,0.077544210957236,0.0862650851585938,-0.898705337234446,0.165964231685969,1.94876481626343,2.36365031500076,1.94876481626343,0.0965095976120609,0,721710.328764581,0.502103,1437232.53871745,1e-04,1,0.105159044265747,11.9419920444489,"1_92_1",1,92,1,92,FALSE,TRUE,2,0.288335628980168,2,FALSE
"43",2.6102675,0.7965457,0.1809351,1.4742675,0.7942077,0.1564266,1.1359125,0.5615256,0.1217502,1.451705,0.760642,0.0897093,1.9373525,0.7761771,0.1191708,0.6261113,0.0760254732057813,-0.318402320208673,-0.832731323791562,0.160030268347517,2.68208580744194,2.42630728228653,2.68208580744194,0.133811917323687,0,657278.451723271,0.457268,1437232.53871745,1e-04,1,0.111185789108276,12.0693542957306,"1_93_1",1,93,1,93,TRUE,TRUE,8,0.310227512413148,2,FALSE
"44",0.56441625,0.8164656,0.2800617,1.5661675,0.3918316,0.2153562,0.836405,0.6799558,0.1273113,2.12186,0.8047154,0.01705638,2.733785,0.9576535,0.1969923,0.5890328,0.150304601232151,-0.925369758412779,-0.483717196039683,0.14415159867188,3.01951165882015,2.23529816150044,3.01951165882015,0.0606738851580195,0,316937.018823478,0.220441,1437232.53871745,1e-04,1,0.110686779022217,12.4356691837311,"1_96_1",1,96,1,96,TRUE,TRUE,2,0.247674185646522,2,TRUE
"45",1.4353075,0.7130966,0.1428762,1.477205,0.5697065,0.1417029,1.0359825,0.5767345,0.1858263,1.4724425,0.7248503,0.1344714,2.1063125,0.5414202,0.1670166,0.6579539,0.0800491313741988,-0.0975756236972876,-0.827797864075726,0.159055967355155,2.54050774445282,2.39178221757021,2.54050774445282,0.117459233575506,0,652191.15731653,0.453728,1437232.53871745,1e-04,1,0.105969429016113,12.5575768947601,"1_97_1",1,97,1,97,FALSE,TRUE,5,0.29832038719997,2,FALSE
"46",1.8211775,0.7201043,0.02629614,1.90292,0.6803079,0.0936057,1.4167075,0.5493904,0.1835412,1.4057525,0.6776528,0.167388,2.489105,0.7950379,0.1537389,0.7229405,0.0683567331831633,-0.00879586759697859,-0.939444553755528,0.168633418010913,1.77456473836205,2.35407140624834,1.77456473836205,0.154726535954552,0,816949.078742983,0.568375,1437232.53871745,1e-04,1,0.115570545196533,12.6893680095673,"1_98_1",1,98,1,98,FALSE,TRUE,3,0.290636206790145,2,FALSE
"47",1.1404375,0.8329555,0.2355789,1.598765,0.34656512,0.1663164,0.75735,0.5659314,0.0991662,2.96124,0.5948981,0.1126158,2.2170675,0.7056717,0.245481,0.6424118,0.098809201308423,-0.210247138969929,-0.767347809795671,0.157252590250289,2.61606408950612,2.37671066502881,2.61606408950612,0.0673187136861044,0,518470.043037644,0.360678,1437232.53871745,1e-04,1,0.107208967208862,12.8125584125519,"1_99_1",1,99,1,99,TRUE,TRUE,3,0.291284696850803,2,FALSE
"48",1.173775,0.7879028,0.2357553,1.574715,0.4001203,0.1694001,0.9735075,0.4330091,0.2052777,2.068935,0.6570875,0.1689942,1.946235,0.5742012,0.205992,0.6423041,0.099158449481727,-0.210796710487734,-0.765251957774476,0.157222116402822,2.61665799759608,2.37530100715648,2.61665799759608,0.11114486992571,0,524962.810305909,0.365196,1437232.53871745,1e-04,1,0.105038404464722,12.9337396621704,"1_100_1",1,100,1,100,TRUE,TRUE,5,0.292819542125857,2,FALSE
"49",2.032345,0.6546669,0.1200318,1.803195,0.6902451,0.0977838,1.05598,0.6211425,0.1147452,0.67026225,0.5176706,0.2132874,2.213745,0.4980125,0.1889928,0.7302179,0.0715023913077167,-0.0916500091609727,-0.908057319924796,0.168249495790882,1.74466421608852,2.32741875874653,1.74466421608852,0.120688239930684,0,794636.837794096,0.552849,1437232.53871745,1e-04,1,0.115712881088257,13.0656633377075,"1_101_1",1,101,1,101,FALSE,TRUE,1,0.278965395728242,2,FALSE
"50",1.969735,0.5944683,0.1878927,2.172155,0.6758433,0.1447311,1.2867625,0.5521554,0.1286397,1.7820325,0.5262099,0.1437867,1.23621,0.569703,0.1024014,0.6942083,0.0713948468943298,0.0672819397630197,-0.907990770895271,0.164636667767329,2.14287761317868,2.38699294350055,2.14287761317868,0.202681901657672,0,793972.902761351,0.552387,1437232.53871745,1e-04,1,0.106278657913208,0.106278657913208,"2_1_1",2,1,1,1,FALSE,TRUE,12,0.307580655087279,2,FALSE
"51",1.57796,0.9069196,0.0950691,2.1991225,0.5636627,0.1981254,1.4400225,0.7086684,0.1205607,1.488185,0.7728276,0.1281552,1.35468,0.6162187,0.1805619,0.7148984,0.17910802526282,0.190527271729808,-0.599524495680614,0.156211715601284,1.82684976666656,2.15061232994135,1.82684976666656,0.222410130146428,0,309832.051719826,0.215497,1437232.53871745,1e-04,1,0.109488248825073,0.350563764572144,"2_3_1",2,3,1,3,FALSE,TRUE,8,0.243526519490325,1,FALSE
"52",2.2338975,0.5268826,0.1430889,2.113055,0.5137989,0.1669326,1.1243375,0.8227992,0.1628169,1.7033975,0.4224377,0.1951326,1.55892,0.5774492,0.1674117,0.6517034,0.14407410089732,-0.076166631082581,-0.634066837220951,0.153795675351197,2.49898521627596,2.26296011989181,2.49898521627596,0.173119747984424,0,362811.767990707,0.252363,1437232.53871745,1e-04,1,0.104767084121704,0.588797807693481,"2_5_1",2,5,1,5,TRUE,TRUE,11,0.266020951766041,2,FALSE
"53",1.2602875,0.835857,0.1523922,1.84333,0.5406579,0.1400505,0.9462475,0.7565764,0.2381493,1.557845,0.4974378,0.1139991,1.9731625,0.7353811,0.0625785,0.614996,0.0755690900577718,-0.462660294339553,-0.790532070727721,0.157206898271162,2.80877444748393,2.42559117649376,2.80877444748393,0.104894831181287,0,661614.148679525,0.460285,1437232.53871745,1e-04,1,0.108711242675781,1.56488847732544,"2_13_1",2,13,1,13,TRUE,TRUE,6,0.307791067268423,2,FALSE
"54",1.7323,0.5295664,0.1166064,0.9686475,0.4639113,0.1190892,0.61097475,0.6315886,0.1661124,1.4362875,0.6738952,0.1356858,1.9445,0.6340162,0.0441018,0.6749936,0.0485623430082228,-0.00625880122136602,-1.01582819444706,0.165554073437156,2.30249552763534,2.48867901631645,2.30249552763534,0.066513034870906,0,1066161.8356766,0.74179,1437232.53871745,1e-04,1,0.10306453704834,1.80942487716675,"2_15_1",2,15,1,15,FALSE,TRUE,2,0.325716696973605,2,FALSE
"55",1.3688825,0.7491529,0.1769535,2.324075,0.7338124,0.1605789,1.5227775,0.5066183,0.171096,1.559475,0.5991282,0.1842297,1.620115,0.6519019,0.0972681,0.7058327,0.218220822908383,0.254236899094819,-0.477399801400796,0.152901264195878,1.77041187372694,2.08660295935777,1.77041187372694,0.189929069479363,0,242137.983067415,0.168392,1437232.53871745,1e-04,1,0.110021114349365,1.93515348434448,"2_16_1",2,16,1,16,FALSE,TRUE,3,0.217809045554326,1,FALSE
"56",1.9356675,0.5204125,0.2539362,2.5236225,0.756218,0.1788042,1.332005,0.7512837,0.1621614,1.6861775,0.666387,0.1003401,2.111375,0.7617669,0.1325424,0.673502,0.120802219696913,0.0620155158314266,-0.77033902858666,0.157552426645686,2.29368016615156,2.3322516790256,2.29368016615156,0.157333237432164,0,456840.489186489,0.317793,1437232.53871745,1e-04,1,0.104101181030273,2.53769397735596,"2_21_1",2,21,1,21,FALSE,TRUE,7,0.284409272810257,2,FALSE
"57",2.024775,0.8829229,0.1000419,2.3458925,0.3951951,0.1754688,2.2715975,0.8022521,0.0721407,1.876405,0.70642,0.1699359,1.73479,0.7868451,0.0684054,0.7018817,0.108935608508528,0.12102085970507,-0.822854166495668,0.163162878504192,1.9476262012702,2.32239909195805,1.9476262012702,0.376059209228323,0,516245.429551307,0.35913,1437232.53871745,1e-04,1,0.107565879821777,2.79041004180908,"2_23_1",2,23,1,23,FALSE,TRUE,12,0.33504022050201,2,FALSE
"58",1.122895,0.5219875,0.1079559,1.54811,0.5700257,0.0831231,2.5036775,0.5525201,0.1556508,2.3330625,0.71776,0.1396944,2.0730325,0.5782122,0.1204653,0.7511222,0.0774845721304604,-0.401133041237701,-0.822642201092954,0.166630681959333,1.74463945032505,2.21405785743858,1.74463945032505,0.375183745862255,0,725340.415112442,0.504629,1437232.53871745,1e-04,1,0.113156080245972,3.29986977577209,"2_27_1",2,27,1,27,FALSE,TRUE,8,0.307999328659541,2,FALSE
"59",2.0514475,0.5520119,0.1416099,1.2792375,0.6873373,0.1468878,1.8922425,0.6615556,0.0789786,1.73219,0.6022523,0.2010501,1.6354975,0.4991073,0.1059711,0.7572146,0.0863970215286748,-0.567055171747078,-0.767000739061819,0.165310276981534,1.76573920314605,2.1345931590072,1.76573920314605,0.352014940951733,0,648644.422119966,0.45126,1437232.53871745,1e-04,1,0.111434459686279,4.17238116264343,"2_34_1",2,34,1,34,FALSE,TRUE,9,0.280340732824818,2,FALSE
"60",2.2847275,0.7287185,0.1971036,2.066775,0.7836587,0.2128614,1.1243375,0.8227992,0.1628169,1.7033975,0.4224377,0.1951326,1.55892,0.5774492,0.1674117,0.6517034,0.142877038894588,-0.0727209924609507,-0.639293700300724,0.153903183860197,2.49498142026778,2.26657647721449,2.49498142026778,0.173984745878254,0,362811.767990707,0.252363,1437232.53871745,1e-04,1,0.108389139175415,4.30486249923706,"2_35_1",2,35,1,35,TRUE,TRUE,11,0.267231201345388,2,FALSE
"61",0.9786775,0.5402792,0.00886884,1.5841925,0.36907873,0.0384879,1.852155,0.4713971,0.1493796,1.9849775,0.698356,0.1927761,1.9198975,0.4655213,0.064617,0.7293146,0.0422548404218488,-0.120386486485162,-1.01227147002264,0.171005962471491,1.77605252650587,2.39361551359295,1.77605252650587,0.311465826283296,0,1252490.46022316,0.871447,1437232.53871745,1e-04,1,0.109760761260986,4.43143010139465,"2_36_1",2,36,1,36,FALSE,TRUE,8,0.333922728108498,2,FALSE
"62",2.493715,0.3835982,0.2007444,1.395445,0.6890943,0.1391934,1.67432,0.6928582,0.129096,1.9137175,0.5837562,0.1045998,2.042625,0.6044629,0.1221426,0.7367894,0.0612521398785461,-0.158502586037818,-0.910113239858819,0.168524358132805,1.78692178961417,2.30979785243677,1.78692178961417,0.294797021293393,0,906216.724693134,0.630492,1437232.53871745,1e-04,1,0.109236001968384,4.69097781181335,"2_38_1",2,38,1,38,FALSE,TRUE,6,0.306489445374214,2,FALSE
"63",2.063665,0.561583,0.1465584,1.4595025,0.7123063,0.1508385,1.803485,0.821864,0.1453644,1.7512575,0.6877601,0.0798378,1.9925375,0.5466436,0.109134,0.7200812,0.0763375602151786,0.0421368985749709,-0.913169172349372,0.166520569326958,1.87914511015223,2.34964434490003,1.87914511015223,0.327862042073801,0,749076.811077454,0.521146,1437232.53871745,1e-04,1,0.105542659759521,4.81333041191101,"2_39_1",2,39,1,39,FALSE,TRUE,9,0.326732509175131,2,FALSE
"64",1.81986,0.5815162,0.137238,1.2386125,0.5034725,0.141372,0.794475,0.5115981,0.1526487,1.9228825,0.6278555,0.1538445,1.04524,0.6180674,0.1741044,0.6926651,0.100943477396306,0.0874080775951945,-0.833606223842777,0.161611207105204,2.12859297101006,2.35321291099894,2.12859297101006,0.122790678049747,0,562416.21901452,0.391258,1437232.53871745,1e-04,1,0.11617374420166,5.19433856010437,"2_42_1",2,42,1,42,FALSE,TRUE,4,0.287000953159216,1,FALSE
"65",1.7323,0.5295664,0.1166064,0.9686475,0.4639113,0.1190892,0.8781725,0.718817,0.1047747,1.4362875,0.6738952,0.1356858,1.9445,0.6340162,0.0441018,0.6749936,0.0490369562794278,-0.00629158635180183,-1.01478978596892,0.165512775953728,2.30253303637626,2.48803794028396,2.30253303637626,0.187949658948404,0,1066161.8356766,0.74179,1437232.53871745,1e-04,1,0.115605354309082,5.57680344581604,"2_45_1",2,45,1,45,FALSE,TRUE,12,0.335249602546348,2,FALSE
"66",1.3688825,0.7491529,0.1217556,1.7033025,0.6027829,0.0986142,2.3074975,0.5066183,0.171096,1.559475,0.5991282,0.1842297,1.620115,0.6519019,0.0972681,0.7058327,0.217984212778492,0.247891564152654,-0.494404488469197,0.15292440068511,1.77792770655621,2.09857687300988,1.77792770655621,0.327975810406964,0,242137.983067415,0.168392,1437232.53871745,1e-04,1,0.108344316482544,5.70147252082825,"2_46_1",2,46,1,46,FALSE,TRUE,9,0.262756615319168,1,FALSE
"67",1.931575,0.5442769,0.127122,2.1164325,0.618003,0.1581648,1.6839425,0.6661133,0.1785309,1.891375,0.7982621,0.1401339,2.734645,0.6528693,0.01880052,0.6523109,0.0631980172307621,-0.126478916375399,-0.87430714296974,0.160818241590004,2.563530225047,2.42190152267426,2.563530225047,0.186450674956218,0,793800.452103496,0.552267,1437232.53871745,1e-04,1,0.113981962203979,6.20807099342346,"2_50_1",2,50,1,50,FALSE,TRUE,12,0.315304712881675,2,FALSE
"68",0.9246675,0.655782,0.1689243,2.6115825,0.7915365,0.1176252,2.8519825,0.5882887,0.1717107,1.6861775,0.666387,0.1003401,2.111375,0.7617669,0.1325424,0.746132,0.133368034062431,-0.114673732173833,-0.673782361151066,0.161175609049275,1.70717415382024,2.1347242898119,1.70717415382024,0.307911647609787,0,415416.404080751,0.288968,1437232.53871745,1e-04,1,0.10580849647522,6.32993316650391,"2_51_1",2,51,1,51,FALSE,TRUE,7,0.264545491728792,2,FALSE
"69",1.3088875,0.9184731,0.2202078,2.6981125,0.4693734,0.1646538,1.24561,0.7353545,0.2160747,2.1626625,0.7252157,0.2164107,1.274015,0.8294044,0.1634517,0.7067747,0.0948397681412495,0.107109769030287,-0.84681410604386,0.164551016614838,1.92903808383498,2.33108137112193,1.92903808383498,0.191546209986315,0,622023.788902319,0.432736,1437232.53871745,1e-04,1,0.107775211334229,6.45386075973511,"2_52_1",2,52,1,52,FALSE,TRUE,9,0.289199481978648,2,FALSE
"70",1.50547,0.5671004,0.1000419,2.3458925,0.3951951,0.1754688,2.153265,0.6350655,0.1370388,2.01495,0.6973753,0.0899511,1.576155,0.7397148,0.1811838,0.7267481,0.0830207820682064,-0.00756078799852489,-0.896444910786432,0.167061373230754,1.75876436757205,2.32503272536732,1.75876436757205,0.330174087637949,0,691805.947603599,0.481294,1437232.53871745,1e-04,1,0.119329214096069,6.59021806716919,"2_53_1",2,53,1,53,FALSE,TRUE,8,0.320901359397531,2,FALSE
"71",1.779985,0.5574488,0.1103445,0.90653,0.5087155,0.1342494,0.843305,0.6126487,0.1842495,1.517885,0.6829917,0.1195323,1.8273225,0.6536666,0.0657906,0.6749018,0.0538538132079548,-0.00104583200154251,-1.00004358960072,0.165093062748564,2.29652369215482,2.47891627539926,2.29652369215482,0.172423147611139,0,985613.007569866,0.68574,1437232.53871745,1e-04,1,0.113201141357422,6.72001481056213,"2_54_1",2,54,1,54,FALSE,TRUE,10,0.33041301813295,2,FALSE
"72",0.9194725,0.8811932,0.2072664,2.93926,0.9182673,0.2115219,2.08832,0.6076437,0.1692768,1.3326175,0.5700656,0.2062962,2.02839,0.6602277,0.0335352,0.7075091,0.512694679847451,0.572738960269462,0.305433570190001,0.12073645318804,1.32985297031665,1.4307255474974,1.32985297031665,0.179132251171858,0,46386.6545756218,0.0321782,1437232.53871745,1e-04,1,0.121800422668457,6.85904479026794,"2_55_1",2,55,1,55,FALSE,TRUE,2,0.0754174089184265,3,FALSE
"73",1.23601,0.8850425,0.2105979,2.8510875,0.9055924,0.2133906,2.1947375,0.7163502,0.2116194,1.5365725,0.7063381,0.2180166,1.27613,0.642909,0.164994,0.7232822,0.258406034796049,0.271617705576107,-0.417320078154322,0.150453367077329,1.50789079661003,2.01240282288156,1.50789079661003,0.294403863602755,0,188938.392207768,0.131373,1437232.53871745,1e-04,1,0.109400033950806,6.98538446426392,"2_56_1",2,56,1,56,FALSE,TRUE,4,0.229609292753382,1,FALSE
"74",1.0302025,0.8509119,0.2039097,2.8770025,0.8802685,0.0831231,2.5036775,0.5525201,0.1556508,2.3330625,0.71776,0.2075028,1.3179075,0.6310657,0.1549233,0.7303688,0.231531322398446,0.177098117238265,-0.485867138654363,0.153065199512014,1.51476119255713,2.05385041811591,1.51476119255713,0.2913907451443,0,221106.188253105,0.153757,1437232.53871745,1e-04,1,0.106774568557739,7.1084201335907,"2_57_1",2,57,1,57,FALSE,TRUE,5,0.238620503483286,1,FALSE
"75",1.969735,0.5944683,0.1878927,2.172155,0.6758433,0.1447311,1.2867625,0.5521554,0.1286397,1.7820325,0.5262099,0.1437867,1.23621,0.569703,0.1024014,0.7189862,0.0730730041363136,0.0517028148777727,-0.908553647989888,0.166433010488395,1.91804807790724,2.34676332357553,1.91804807790724,0.188241242325392,0,793972.902761351,0.552387,1437232.53871745,1e-04,1,0.106566429138184,7.6270866394043,"2_61_1",2,61,1,61,FALSE,TRUE,8,0.293281016389275,2,FALSE
"76",1.6011625,0.5837947,0.1294821,1.4192675,0.5335067,0.1285677,0.923585,0.7086684,0.1205607,1.488185,0.7728276,0.1405935,2.0321875,0.5411703,0.1935753,0.7131761,0.151932586711099,0.167382253658038,-0.663169123127455,0.158756916515035,1.86834659000728,2.19293845380308,1.86834659000728,0.125172620208065,0,369580.45631154,0.257073,1437232.53871745,1e-04,1,0.114024877548218,7.87867569923401,"2_63_1",2,63,1,63,FALSE,TRUE,3,0.23856745987871,1,FALSE
"77",2.0514475,0.5520119,0.1416099,1.2792375,0.6873373,0.1468878,1.8922425,0.6615556,0.0789786,1.80181,0.6022523,0.2010501,1.6354975,0.4991073,0.1059711,0.7572146,0.0863945000440983,-0.567059286817666,-0.767040317931395,0.165310505104163,1.76574152155093,2.1346170651407,1.76574152155093,0.352009088266519,0,648644.422119966,0.45126,1437232.53871745,1e-04,1,0.108187198638916,8.00276279449463,"2_64_1",2,64,1,64,FALSE,TRUE,9,0.280344215164873,2,FALSE
"78",0.9786775,0.5402792,0.00886884,1.5841925,0.36907873,0.0384879,1.852155,0.4713971,0.1493796,1.9849775,0.7579337,0.1510299,2.00973,0.5260405,0.1677837,0.7293146,0.107002573198468,-0.00721122628465487,-0.830095811064819,0.165124446200382,1.68396148299406,2.2826956937357,1.68396148299406,0.304856471162261,0,546162.744511627,0.379948,1437232.53871745,1e-04,1,0.115865707397461,8.26156544685364,"2_66_1",2,66,1,66,FALSE,TRUE,6,0.302069213806345,2,FALSE
"79",2.493715,0.3835982,0.2007444,1.395445,0.540597,0.1409361,0.970445,0.5478504,0.1479384,1.92105,0.6190355,0.1439958,1.2447175,0.6153465,0.1637121,0.7367894,0.0615682089507456,-0.153237091948141,-0.915242764579234,0.168495985326835,1.78285630809969,2.31289720308464,1.78285630809969,0.137313037196878,0,906216.724693134,0.630492,1437232.53871745,1e-04,1,0.115134954452515,8.51668310165405,"2_68_1",2,68,1,68,FALSE,TRUE,3,0.27618068697941,2,FALSE
"80",1.76754,0.5480625,0.147423,1.5763,0.602449,0.1703853,1.172285,0.6195262,0.1114359,1.828735,0.7195464,0.1448793,1.26928,0.5511033,0.2951535,0.7215878,0.406326270257043,0.476160342986533,0.00585077422163094,0.133866500740049,1.35505970017865,1.68538247320404,1.35505970017865,0.154717982072688,0,85660.854813426,0.0595072,1437232.53871745,1e-04,1,0.107024192810059,8.76156544685364,"2_70_1",2,70,1,70,FALSE,TRUE,1,0.09927815304026,3,FALSE
"81",2.434935,0.4184624,0.0880632,0.70247775,0.8115488,0.1712379,1.3876925,0.6401412,0.1654653,1.2562225,0.7700472,0.1680891,1.2827125,0.5774555,0.293736,0.7031513,0.457375031289627,0.508605687635024,0.163847278302906,0.127285536511004,1.45441491542706,1.57261119916368,1.45441491542706,0.354750330298061,0,62851.5248432696,0.0436353,1437232.53871745,1e-04,1,0.112264394760132,8.89015579223633,"2_71_1",2,71,1,71,FALSE,TRUE,4,0.184798849110579,3,FALSE
"82",1.98115,0.5677269,0.176244,1.85036,0.6694565,0.2158629,1.52848,0.5115981,0.1123785,2.120005,0.6585827,0.1501011,0.61414725,0.5724421,0.2477937,0.7225328,0.508289824704704,0.633448840799293,0.233241609335484,0.122510529168169,1.07266874540624,1.47833140212878,1.07266874540624,0.187040299344422,0,46411.0850854847,0.0321952,1437232.53871745,1e-04,1,0.107030153274536,9.01355266571045,"2_72_1",2,72,1,72,FALSE,TRUE,1,0.0814360194852508,3,FALSE
"83",1.2602875,0.835857,0.1523922,0.72478625,0.305011293,0.1079157,0.9046125,0.6182284,0.1685739,1.41636,0.5883699,0.1864449,1.9207775,0.6536267,0.0486813,0.6964994,0.183865323871431,0.206078424781984,-0.580212329183222,0.155480634880466,1.9076921589662,2.16954550439625,1.9076921589662,0.285998964944616,0,285404.416034577,0.198499,1437232.53871745,1e-04,1,0.115352869033813,9.14522385597229,"2_73_1",2,73,1,73,FALSE,TRUE,9,0.266396319402606,1,FALSE
"84",1.7323,0.5295664,0.1592634,0.8239625,0.4144297,0.0955299,0.5504965,0.5742481,0.1953144,1.51014,0.5934869,0.1349787,1.92485,0.6854109,0.0610515,0.687155,0.0426296180012449,0.0153383670436232,-0.997596291901154,0.16661755042927,2.23184897936797,2.45836657814408,2.23184897936797,0.0586655515651594,0,1151858.31592032,0.801422,1437232.53871745,1e-04,1,0.106870174407959,9.39109063148499,"2_75_1",2,75,1,75,FALSE,TRUE,1,0.316298196919136,2,FALSE
"85",1.1383875,0.7491529,0.1769535,2.324075,0.7338124,0.1605789,2.562415,0.5874382,0.1374243,1.5356875,0.6004603,0.198888,1.6018625,0.6220623,0.1052334,0.7310678,0.169608017031201,0.0738348947910548,-0.64634293591007,0.159112738484695,1.60699434799669,2.1619167882917,1.60699434799669,0.323077007248547,0,327554.230992123,0.227829,1437232.53871745,1e-04,1,0.112874984741211,9.52023816108704,"2_76_1",2,76,1,76,FALSE,TRUE,6,0.276571943315846,1,FALSE
"86",2.17898,0.3901845,0.1762602,1.1215375,0.48907,0.119322,0.75577,0.4028496,0.2648394,2.1287125,0.5640911,0.1696923,1.35276,0.6377724,0.040014,0.6458132,0.0311834455037842,-0.242440897372589,-0.984814467602704,0.163865340213363,2.64233493203045,2.51379868232342,2.64233493203045,0.0976740361355414,0,1364385.06957279,0.949309,1437232.53871745,1e-04,1,0.10554838180542,9.76416087150574,"2_78_1",2,78,1,78,TRUE,TRUE,5,0.334433916792973,2,FALSE
"87",1.819725,0.6410169,0.1311156,1.998285,0.6593436,0.1155888,1.7547525,0.5134769,0.0690867,2.2080575,0.7432344,0.1597404,0.62696225,0.5130338,0.2392605,0.7019279,0.226590197451292,0.253783576975392,-0.509698538341567,0.152009821902993,1.79452174648427,2.11351827633183,1.79452174648427,0.301666660445815,0,234943.916457204,0.163386,1437232.53871745,1e-04,1,0.104116439819336,9.89202570915222,"2_79_1",2,79,1,79,FALSE,TRUE,7,0.257076207179124,1,FALSE
"88",1.931575,0.5442769,0.127122,2.1164325,0.618003,0.1581648,0.6277855,0.6233216,0.0866361,2.1987325,0.8487279,0.0955455,1.041285,0.6528693,0.01880052,0.6523109,0.065130965187556,-0.130409286036687,-0.872555032669432,0.160652243965936,2.56799850577757,2.4207692560711,2.56799850577757,0.181205627321115,0,793800.452103496,0.552267,1437232.53871745,1e-04,1,0.109359502792358,10.0178165435791,"2_80_1",2,80,1,80,FALSE,TRUE,12,0.314194337819836,2,FALSE
"89",1.3088875,0.9184731,0.2202078,2.6981125,0.4693734,0.1646538,1.24561,0.7353545,0.2160747,2.1626625,0.7252157,0.1482702,1.44981,0.6777095,0.1404831,0.7149728,0.0923248883225364,0.0904266406988538,-0.844334370400606,0.164261509981841,1.93651376830461,2.30933274435548,1.93651376830461,0.18028721274084,0,633087.935692573,0.440435,1437232.53871745,1e-04,1,0.11067271232605,10.2823212146759,"2_82_1",2,82,1,82,FALSE,TRUE,8,0.280910604364739,2,FALSE
"90",2.9463275,0.4610035,0.1422015,1.1067025,0.4915543,0.0550491,1.02325,0.5385768,0.1665885,2.0818475,0.6534405,0.0761328,1.2281725,0.660367,0.1892193,0.7267481,0.0824197671556549,-0.00718753263816629,-0.903363728266771,0.167116112709977,1.7584385663674,2.3292700832689,1.7584385663674,0.194561375538119,0,691805.947603599,0.481294,1437232.53871745,1e-04,1,0.112749576568604,10.4120352268219,"2_83_1",2,83,1,83,FALSE,TRUE,4,0.289183238165908,2,FALSE
"91",1.779985,0.5574488,0.1103445,0.90653,0.5087155,0.1342494,0.843305,0.6126487,0.1842495,1.517885,0.6829917,0.1195323,1.3612375,0.6230108,0.0657906,0.6749018,0.0547886817530061,-0.00131295324964409,-1.00035913196858,0.165011479977565,2.29683007640676,2.47911181420305,2.29683007640676,0.182016048674059,0,985613.007569866,0.68574,1437232.53871745,1e-04,1,0.121746778488159,10.5509629249573,"2_84_1",2,84,1,84,FALSE,TRUE,11,0.331748066793604,2,FALSE
"92",0.8494275,0.8811932,0.2072664,2.93926,0.9182673,0.2115219,2.08832,0.6076437,0.1692768,1.3326175,0.5700656,0.2062962,2.02839,0.6602277,0.0335352,0.7075091,0.512775757606142,0.573390058417421,0.305123467966133,0.120726408717129,1.32883931022668,1.43104489899835,1.32883931022668,0.179024926199732,0,46386.6545756218,0.0321782,1437232.53871745,1e-04,1,0.109809637069702,10.6775081157684,"2_85_1",2,85,1,85,FALSE,TRUE,1,0.0753538253174299,3,TRUE
"93",1.23601,0.8850425,0.2105979,2.8510875,0.9055924,0.2133906,2.1947375,0.7163502,0.2116194,1.5365725,0.7063381,0.2180166,2.402045,0.6396925,0.0977148,0.7232822,0.255110444371354,0.266530938374102,-0.407211955775861,0.150787298486246,1.5131469268115,2.00521389901158,1.5131469268115,0.244777469310132,0,188938.392207768,0.131373,1437232.53871745,1e-04,1,0.118695020675659,10.8132610321045,"2_86_1",2,86,1,86,FALSE,TRUE,4,0.210562226802314,1,FALSE
"94",1.6619275,0.6353952,0.1505724,1.56629,0.5788317,0.1297221,1.136315,0.5525201,0.1556508,2.3330625,0.6458364,0.1645764,1.0997725,0.6206672,0.1702683,0.7002059,0.119290201016576,0.138415684521776,-0.788634190934117,0.162358800750672,1.93014039185341,2.30045033476044,1.93014039185341,0.194580268498992,0,494154.50028,0.343758,1437232.53871745,1e-04,1,0.109214067459106,10.9399671554565,"2_87_1",2,87,1,87,FALSE,TRUE,10,0.280716591161616,1,FALSE
"95",2.99197,0.32653721,0.2488857,1.2885425,0.6044496,0.1752594,1.0843575,0.421744,0.1820505,2.19675,0.7338747,0.1428918,0.69367375,0.6861431,0.1592703,0.7392002,0.0412229136765287,-0.218610893377134,-0.98474851820759,0.170283348772235,1.80235836333655,2.35453458523856,1.80235836333655,0.17208884420413,0,1262848.99640502,0.878655,1437232.53871745,1e-04,1,0.108932971954346,11.0657527446747,"2_88_1",2,88,1,88,FALSE,TRUE,6,0.293106599713905,2,FALSE
"96",1.5691675,0.9430179,0.2032284,1.3328925,0.5180416,0.1486776,1.1033475,0.6465784,0.1272966,1.4920925,0.7209212,0.1596912,2.0724375,0.6486042,0.0597951,0.6939803,0.0830620293932816,0.0804162537620838,-0.869503066591726,0.163599134365798,2.12773637378669,2.36279526160347,2.12773637378669,0.183160114515122,0,668507.863727304,0.465082,1437232.53871745,1e-04,1,0.107181787490845,11.3231160640717,"2_90_1",2,90,1,90,FALSE,TRUE,9,0.297224166330889,2,FALSE
"97",1.969735,0.5944683,0.1878927,2.172155,0.6758433,0.1447311,1.2984675,0.763708,0.1286397,1.7820325,0.5262099,0.1437867,1.23621,0.569703,0.1024014,0.7189862,0.0732131074827093,0.0508758947259348,-0.909565285376333,0.166420431988145,1.91888416970286,2.34738519737091,1.91888416970286,0.208558678623349,0,793972.902761351,0.552387,1437232.53871745,1e-04,1,0.108397245407104,11.448025226593,"2_91_1",2,91,1,91,FALSE,TRUE,9,0.297009209520814,2,FALSE
"98",1.3767375,0.6749837,0.0980268,1.8907675,0.35727932,0.0745881,1.2934575,0.5214401,0.100776,1.7554425,0.7943295,0.1409148,1.334805,0.5287215,0.2573046,0.6883619,0.360483201639491,0.348731846564789,-0.0630985276509084,0.136035692828341,1.82431891930558,1.79174760115984,1.82431891930558,0.18352025409871,0,105600.749545746,0.0733824,1437232.53871745,1e-04,1,0.103817939758301,11.5760843753815,"2_92_1",2,92,1,92,FALSE,TRUE,7,0.135766663917983,3,FALSE
"99",1.6011625,0.5837947,0.1294821,1.4192675,0.5335067,0.1285677,0.923585,0.7086684,0.153531,1.488185,0.7728276,0.1405935,2.0321875,0.5411703,0.1935753,0.7131761,0.151875673581708,0.16736705901116,-0.663397008319768,0.158762243450846,1.86836363788867,2.19308868539322,1.86836363788867,0.124678614977828,0,369580.45631154,0.257073,1437232.53871745,1e-04,1,0.10454535484314,11.6967115402222,"2_93_1",2,93,1,93,FALSE,TRUE,3,0.23855979121002,1,TRUE
"100",1.38723,0.5520119,0.1416099,1.2792375,0.6873373,0.0623955,0.63340075,0.8569025,0.1451661,1.045455,0.8301086,0.1450785,2.9127175,0.5077404,0.1326798,0.7144985,0.0833324821511819,0.0878629572861857,-0.871282941958481,0.165052987049575,1.95190014230142,2.32634612112369,1.95190014230142,0.0736641827109412,0,683929.263806043,0.475813,1437232.53871745,1e-04,1,0.115233659744263,11.8282010555267,"2_94_1",2,94,1,94,FALSE,TRUE,1,0.275942101939884,2,FALSE
"101",0.9786775,0.5402792,0.00886884,1.5841925,0.36907873,0.0386526,0.905235,0.829921,0.2123577,1.9849775,0.7579337,0.1510299,2.00973,0.5260405,0.1677837,0.7293146,0.106469184528036,-0.00514949469070314,-0.831689882658917,0.165173753375403,1.68223709041891,2.28368962758138,1.68223709041891,0.127260485426478,0,546162.744511627,0.379948,1437232.53871745,1e-04,1,0.109371900558472,12.0732786655426,"2_96_1",2,96,1,96,FALSE,TRUE,1,0.266284571714708,2,FALSE
"102",1.5442975,0.6154732,0.0058518,1.1560925,0.4631756,0.0633318,0.61735575,0.9463401,0.2173683,1.0852125,0.5693621,0.1406505,1.7796375,0.5756922,0.1458495,0.6524783,0.0728520728236238,-0.121306754918056,-0.845717785559839,0.159987452961037,2.55763830530396,2.40335955679143,2.55763830530396,0.0656729799818753,0,703549.837403568,0.489466,1437232.53871745,1e-04,1,0.114331722259521,12.204865694046,"2_97_1",2,97,1,97,FALSE,TRUE,2,0.299454332873401,2,FALSE
"103",2.111855,0.5456979,0.2007444,1.395445,0.540597,0.1409361,0.970445,0.5478504,0.1479384,1.92105,0.6190355,0.1439958,1.2447175,0.6153465,0.1637121,0.7367894,0.0612670819707992,-0.154577763887901,-0.916622790574017,0.168523016922543,1.78389231846056,2.31373033075836,1.78389231846056,0.137315286588137,0,906216.724693134,0.630492,1437232.53871745,1e-04,1,0.103143930435181,12.3240423202515,"2_98_1",2,98,1,98,FALSE,TRUE,4,0.276433000662615,2,FALSE
"104",1.389675,0.5922066,0.1465584,1.4595025,0.7123063,0.1508385,1.803485,0.821864,0.1453644,1.7512575,0.6877601,0.0798378,1.9925375,0.5466436,0.109134,0.707072,0.0827847276961476,0.0900004340177211,-0.886417955506523,0.165643148161854,1.94743225388375,2.35594313065654,1.94743225388375,0.33262471545312,0,704015.454179778,0.48979,1437232.53871745,1e-04,1,0.114164113998413,12.4545276165009,"2_99_1",2,99,1,99,FALSE,TRUE,11,0.329828182470764,2,FALSE
"105",1.76754,0.5480625,0.1377207,1.6883225,0.4793848,0.223323,1.4044325,0.5009392,0.1181277,2.18292,0.7195464,0.1448793,1.26928,0.5511033,0.2951535,0.7215878,0.405495433566419,0.4740307840481,0.000454011833989632,0.13396013998079,1.35781126034105,1.68995085085033,1.35781126034105,0.193319729441013,0,85660.854813426,0.0595072,1437232.53871745,1e-04,1,0.104737520217896,12.5753226280212,"2_100_1",2,100,1,100,FALSE,TRUE,3,0.115726532139999,3,FALSE
"106",1.1791725,0.5677269,0.176244,1.85036,0.6694565,0.2158629,1.52848,0.5115981,0.1123785,2.120005,0.6585827,0.1501011,1.7306125,0.5353211,0.1837857,0.7279583,0.130809172046228,0.0447204992914838,-0.753552169768152,0.163039835615723,1.65028618555731,2.23440723920832,1.65028618555731,0.204783495635562,0,446211.78030732,0.310397,1437232.53871745,1e-04,1,0.111834287643433,12.8255090713501,"2_102_1",2,102,1,102,FALSE,TRUE,4,0.263427029945275,2,FALSE
